0,1,2,3,4,5,6,7,8,9,10,11,12,13,14,15
-0.22670563,1.209646,-0.85387236,1.1817393,0.6798902,0.3722538,0.120181434,0.9845214,1.2085745,0.594995,0.14232051,0.99508756,-1.5265399,-0.041709308,-1.7701396,-0.506559
-0.4928455,-0.46350503,1.6943264,-2.2751794,0.23234577,1.4893619,0.4264411,1.3924932,-0.48018676,-0.4041626,0.23747094,0.78472316,0.80859196,-2.7862134,0.68908554,-1.06748
0.748088,2.1403222,-0.658634,-0.38058153,-0.6132126,0.4977092,2.4291773,1.1579795,-0.6164498,0.6076334,0.046426445,-0.53921777,1.0302916,-0.4691567,-0.8479333,0.27419722
0.57951474,-1.0497636,-1.0017781,-0.43592843,0.4572088,0.5477114,0.32201496,1.0668101,0.41394037,0.6049204,0.175848,1.6386847,-0.20697324,0.4028622,-2.0603514,-3.656346
0.2502304,-1.1984075,-1.0555673,0.69580793,0.05654619,-0.27573138,-0.52564687,0.5196898,-1.9828894,-0.035284564,-0.43934065,-0.49124262,0.5446503,1.1661702,2.1184647,1.3104916
-2.1124432,0.43154088,0.11508632,-1.4827642,0.41035062,-0.15950204,-1.1818011,-0.41975853,1.2560097,0.9506444,0.6071281,-1.1068107,1.5921073,0.3060961,-0.69540036,-1.2558465
-0.4493782,1.2123346,0.5613722,0.31577134,0.37945196,0.71538407,0.051503204,-0.42290154,-0.25878817,-0.9262264,0.3217832,-0.15372898,-0.28518414,1.8695476,0.89896834,-0.64515036
2.794233,0.9838177,-0.24999848,-0.48745054,-0.2570523,-0.056511525,-1.8755791,0.2415653,0.31186262,0.71499026,1.5939152,0.22789134,-2.6869202,0.49465385,0.9713155,1.4635594
0.28239664,-1.1161256,-0.8176073,-1.173279,-1.7276846,-1.8167294,0.96576715,0.33834457,0.7330265,-0.5047798,-1.5766747,0.6256406,1.0654252,1.1559,1.1510497,-0.19677743
0.9204216,0.120620295,-1.2493323,-0.96646786,-1.1620275,-1.0541084,0.4427873,1.9629904,0.5952109,1.96504,1.1680477,-2.77336,-0.91741014,-0.36556804,-1.0399709,0.9307226
-0.5618422,-0.11352598,-1.370549,0.78596777,1.0421673,-1.4095075,-0.8668912,-0.49636728,1.2344908,-0.7777061,0.22266081,-1.5147202,0.53379595,0.16571417,-1.0265635,-0.6891981
-0.00034386292,0.59441346,-1.3876989,0.17321819,-0.43085048,0.44440868,0.70840806,-0.41038996,0.60993373,-2.421628,-1.2581756,-0.41540816,0.24824135,1.0957825,-0.43676266,0.7210444
-0.051843796,-0.64720803,1.1845124,0.14542001,-1.9349401,2.2010381,-0.330831,0.8860112,0.20451173,-0.583214,0.3229154,0.8534959,-1.295172,-0.32600343,0.8710135,-0.6637388
-1.1897776,0.091086246,0.45108262,0.40926355,-0.3120293,-0.92316806,-0.24458253,1.3579209,0.34596238,-1.2493892,0.43504027,0.36647722,-1.2773576,0.0040887697,-0.43044809,0.34382302
-0.024241254,0.12300439,0.14289328,-0.084912725,-0.40119675,-0.053940117,-0.29528278,0.47384456,0.9981233,-0.671322,0.989558,-0.97207564,0.52895695,-1.2417071,0.9881915,0.3324616
2.8756287,-0.6740339,-0.07771428,-0.6491866,0.04403898,-0.1311051,-0.3722123,-0.1634672,-0.30045965,0.850787,2.9680693,0.11432272,-1.5508409,0.39132893,-0.13272956,0.6500499
0.72887915,-1.5791001,-1.1904951,0.2191412,0.5007928,0.07542442,0.42473906,0.92800885,-0.40227887,0.1971933,-0.94201845,-1.3082092,0.8314755,-0.5711087,-0.2506182,-0.2598129
2.244298,0.5277051,-0.6854243,-1.2346517,1.5024351,-0.64437497,0.7700168,0.518013,0.3275482,1.2555816,-0.8934314,0.6457418,-0.47908124,0.65593916,0.9233245,-0.054408375
1.2682151,0.17396967,3.53447,1.7863059,-0.7028898,0.03555677,1.0206984,1.1422082,1.3636332,1.0927902,-1.6198965,-1.0640061,-0.7075405,0.019194812,-0.28793976,0.2067483
-1.2903893,0.9897338,0.2494784,1.438859,1.3749064,-0.44369626,0.9248999,-0.6425823,1.5668528,-0.20717254,-1.4557552,-0.578103,1.6969392,-0.357141,-0.07041331,-0.15860711
0.06648557,0.78573954,-0.42836556,0.94578195,-0.06635617,0.23859885,0.38198254,2.2939029,-2.1907945,0.8063558,0.37926972,0.84915084,-0.5074747,-0.09979619,-0.8316481,0.18546171
1.8211068,0.043252245,-0.61907905,-0.86862427,1.0733038,-0.21474248,0.044612527,-1.0656934,-0.8261972,0.47357386,0.02713184,1.638541,1.4191322,1.212503,-1.0290291,-0.55417776
-1.3501587,-0.85385007,0.78184193,0.15319872,-0.31454265,-1.0151887,0.7177286,0.7523587,1.1261747,1.4900672,-1.3337785,0.14286128,-0.46722856,2.1909556,-0.86752117,1.2827516
1.323871,0.16943936,0.53351605,0.45773473,-0.055747572,0.5875481,0.6840479,-0.73424155,-0.7932956,0.19056039,-0.17139986,-0.49338487,-0.1975454,-0.1848423,-0.052149557,0.7040253
-0.41673172,0.6241606,0.5100717,0.11313571,0.09484292,0.6153512,1.009194,-0.5058302,0.23366424,0.12124551,0.8184024,1.0797572,1.0713185,0.5619908,0.45580646,0.32144916
-1.12298,0.9964378,1.3464289,0.21243416,-1.0533615,-0.37453562,-0.4454577,-0.19052356,-0.24623872,1.4224194,-1.7051158,0.07657338,0.116875105,0.3889375,-1.1812487,-0.4009254
0.0414655,-0.3737969,1.7319058,-0.12598488,-0.3621489,0.105712965,0.21286559,0.02036985,0.628175,-0.1915703,-0.50573236,2.580749,-0.45820853,1.3703978,0.88528574,-0.056485076
0.011686951,-0.96393895,0.6957955,0.5941896,0.13391928,-0.071167216,1.6714182,1.3996006,-0.5737007,-0.5290141,0.66452414,0.63760054,0.46744293,0.20751418,0.3926765,-0.792111
-1.8735821,-1.2117995,0.10971316,0.574698,0.23535882,-0.83297336,-1.3859932,1.1212589,1.1998,1.0464714,-0.034722365,-0.93262833,0.6322099,-0.09230872,-1.933931,0.4322508
1.4110276,-0.77889836,-0.88509154,1.6576576,-0.21955092,0.78254545,1.7227362,0.3233732,-0.3827159,-0.8840252,0.5840394,-0.10159154,0.6770343,-0.5271003,-1.2323239,1.2645591
0.31791547,0.78628373,-1.1299374,1.0787182,-0.45437706,-1.335057,-1.3661273,0.57874584,1.7699525,-0.67229164,1.3810775,2.4407113,0.4324063,0.16041188,0.09720355,1.3929087
0.6171381,0.6775331,0.06351299,-0.016341832,1.0854964,0.22604384,-1.09472,0.98464584,-0.14191647,-1.650913,1.8327667,0.58213425,-0.10271892,-0.64747524,1.6081377,-1.2217349
0.69314027,-1.3268687,0.39558598,-0.7778091,0.19099918,0.17975967,0.9946645,0.6191123,-1.0162014,-0.7894967,-0.68995047,0.72540915,-0.60488915,1.0956206,0.6143801,0.3904518
0.6049439,-0.3351426,0.6692019,-0.8244793,-0.8978419,1.1667793,-1.1842644,1.5977485,0.7427797,-0.64045024,0.15933087,0.057329096,0.69196165,0.5796926,1.2389055,0.79674906
0.22154866,-0.19826214,-0.35494435,0.15564986,-0.24621359,0.28778732,-0.046364214,-1.1824318,-0.122645274,-0.15994316,1.2875892,1.6479086,-1.0659242,-0.57424194,0.2513537,-0.6112452
0.13179538,-0.8353369,-0.1597684,-0.524992,0.64693725,0.45836288,-0.23475489,-0.22142905,-1.8274814,1.6364113,0.07014069,0.055298172,0.17230782,-0.994256,-1.6315227,0.90891135
0.89437324,-1.6094133,-0.77794695,0.9599496,-1.8412229,-2.926965,0.2806304,0.6144778,-1.9538838,-1.7587203,-0.85229015,1.4892285,-0.6172964,1.7081217,-1.6422298,0.18192355
-0.62157923,-0.2445241,0.809311,0.37939572,-0.8430101,1.12225,-1.0958811,-0.4413306,-0.063574925,0.24870104,-0.42382845,-1.6408852,-0.71603554,1.0622318,-0.46797773,0.7350534
0.7576185,-0.091673486,-0.5290223,0.40246737,2.2587829,-1.878504,-0.91543144,0.64804584,1.8880278,-0.64338243,-1.3611999,0.80912536,-1.0035597,-0.6084222,1.4297806,-0.18769217
-1.1659764,0.7758651,0.74212533,-1.6100583,0.2873428,0.91004986,-0.88903046,-0.45885056,0.2663902,2.3263526,0.6904086,-0.71898365,-0.11631222,-1.4552267,-0.98032457,1.1612241
0.7087082,-0.08065042,-3.010766,-1.8786517,-0.4611919,0.59080994,-0.76330286,0.8015498,0.1827207,-0.20383123,0.10695429,0.45380238,1.2162105,-0.1613154,-0.69614065,0.53525496
2.193871,0.5874914,0.22214374,0.24976559,0.8431078,-0.7095639,0.81605726,-0.28907615,-0.5846197,-0.7609137,0.023234501,1.6877348,-0.04471914,-0.16572559,-0.5057272,-0.7159098
1.155763,0.9299024,-1.3391178,-0.3719605,-0.5675088,-0.5471814,0.009302952,0.23653835,1.5941398,0.62304413,-0.68600434,0.7237934,-0.7425831,0.16517335,-0.57118,1.3561981
0.13090357,0.6446129,0.67472667,-0.737077,1.0304569,1.6643449,-0.097855456,-0.52031046,0.75232077,1.739937,1.092996,-1.4716303,0.5553623,-0.24763255,-1.6238031,0.030583989
0.29705375,1.1079935,-1.2597731,-0.36080927,0.7056883,-0.8318955,-2.0611014,-0.94973814,0.87835515,0.5358734,0.968618,-2.6317496,2.527106,0.7924178,2.5111058,0.8284409
0.95349556,0.35397577,0.12603378,0.08364314,0.81084216,-0.6950512,0.5231448,-1.4791285,2.353622,0.5924176,-0.42640978,0.9133397,-0.69628686,1.6499876,-2.1114066,1.1885028
-0.39546698,1.1784201,0.20043653,0.6642147,-0.42289513,-0.8219522,-0.29024258,-0.6873631,0.08219203,-1.127507,0.7838977,-0.6942556,0.24875256,0.11461726,0.5135675,0.66717756
-0.74561423,0.6076045,1.2553757,-0.70680463,0.75465435,-0.06976399,0.5241087,0.7265176,0.7959654,-0.2986166,1.056452,-0.19526188,1.0583622,0.9680693,-0.50072837,1.3179572
0.1915873,-0.4666688,-1.9336171,0.6555831,1.0168287,-1.3541907,1.8509198,-1.3823569,-0.6751617,1.6056576,-1.9573027,0.55343324,0.8274533,0.81221926,-2.8276806,0.6493092
1.1865797,-0.44016647,-1.209341,1.4382192,-1.1432827,-0.173195,0.27802947,-0.21365337,0.442827,-0.53014,0.7076705,-1.5289007,-0.28343764,0.136445,0.56577224,-1.2357404
1.1091257,0.14755419,0.04148748,-0.46571746,0.52153045,0.66818756,-3.051268,-1.5085882,0.25037828,0.0051645217,-1.5944382,0.44265723,-0.05575741,-1.319308,0.2911166,-0.897663
-0.07191958,0.025782349,-1.6873541,-0.2585076,-1.6364341,-0.35290593,0.6164523,1.4651848,0.8095503,-1.4883,-0.12164666,0.7654663,-1.1442065,-0.10941951,-0.044418555,-0.08995972
1.21093,0.28556746,1.0098338,-1.2464689,-0.41639578,-2.0731006,1.4226843,-0.40010166,-0.9850091,-0.44946277,-0.28819183,1.4596301,-0.6049204,1.0053773,-0.21675122,0.52838105
-0.4664555,-0.83057994,-0.8110754,-0.7730188,-0.024081144,-0.98816633,-1.1903279,-0.7822736,-1.8039367,0.9337184,0.90851116,-0.28077006,-0.98204976,-1.9695526,0.59485465,0.001982607
0.064308695,-0.64969623,-0.5596286,0.8357065,0.823049,-1.0451239,-2.0437,1.0929545,1.3733003,-0.18137254,0.70628333,-0.5714179,-1.7907122,-1.9092648,0.5493887,0.15296139
-0.71028274,-2.4716067,0.28103107,0.8369439,0.24829061,-1.0166936,1.7606463,-1.2214919,-0.343413,2.2995613,-1.5090941,0.9031975,-0.0335589,-1.7470675,0.7952112,-0.42905903
0.89372665,-1.0826058,-1.867716,0.8035054,-1.1117831,-1.209089,-0.5109717,-0.8752661,0.17574745,0.06535264,1.672834,-1.1365405,0.7408699,0.35704026,1.479422,1.2671413
-1.1475409,-0.6059756,0.1578292,1.7121297,-0.67459947,0.92626375,0.35520196,-0.73344743,-0.6337291,-0.02101687,-0.033419456,-0.41372058,0.011606531,0.6101332,-1.3263983,-0.52245426
0.35700488,0.77642334,1.6274832,0.29541668,-0.1997747,0.0007896926,-0.17383498,0.3860191,0.3956933,-0.5910941,1.1361877,0.55512786,0.5055961,1.517754,0.3150996,-0.6385524
0.50117356,1.2701746,1.8814871,1.3133204,-0.65108913,-0.07724144,1.5524087,1.3868607,0.69098556,0.08281665,1.7820596,0.39142966,1.3035034,0.99780375,-1.4911171,0.19320002
-2.1015816,-0.31727254,-0.50309175,0.7797927,-0.46732798,0.46457034,0.11504847,0.19417065,0.124841794,0.7908858,-1.138132,-0.64039,1.0006481,-1.3668225,-1.1403078,-0.21574439
0.27332762,-0.10567941,0.5387723,1.801601,0.25403303,-0.6758863,0.2373988,0.4494168,-0.3733846,-0.8961208,-1.0798848,-1.9717451,0.2652759,0.9812551,0.7670657,1.181005
-0.26957193,0.8857314,0.024584435,1.69251,1.5886174,0.6455508,-0.5715589,0.50368613,0.5619069,-1.0706203,-0.48980036,-0.49729767,1.7371279,0.681793,0.669586,0.94583493
0.8278821,-0.21166816,-0.09392579,-2.0905254,0.784521,-0.1902613,0.5571558,0.5726855,0.02870616,-0.8985547,-0.52917534,-0.43746483,2.135592,0.57251906,-0.41086078,0.75190777
1.414047,-1.126565,0.19321209,2.0692084,-0.49011654,-0.06738947,0.050362825,-1.1440148,-2.280326,-0.8125485,-1.3518242,-0.616632,1.9121523,0.12293411,-0.75728863,-0.026800366
0.002272345,0.3620593,0.52561504,1.7426989,-0.75969,0.18320188,-1.288391,0.8334184,0.5947894,-0.15672196,0.4203337,-2.249605,2.2774186,0.663967,1.0739976,-0.3565465
-0.098495804,0.33805302,1.2536122,-0.22242174,-0.8280176,-0.99662894,-0.36575902,-0.39233732,-0.97422016,-1.2488247,0.38458464,-0.60296667,0.37627047,0.03754905,-0.5388935,-0.5371636
-1.1319226,1.7220184,-1.5961285,0.6587645,-0.0863536,-1.1139554,-0.033778757,-0.41573927,-1.4695194,1.3838305,0.34055653,-0.9053794,0.30420363,1.2380242,-0.73083043,-0.3042865
-0.56604016,0.6768285,1.8593425,-0.41091183,-1.1311799,1.5965025,-1.5415435,-0.79146665,1.0017458,0.37794912,-0.11012508,-0.13067503,-1.766222,-0.8771233,-1.7631624,1.3052518
1.1403944,0.3094716,-0.19749436,-0.14414045,-2.8649204,1.6850845,-0.7113391,-0.13982712,1.9003096,-0.5887956,-0.15100351,0.62522066,-0.57259774,0.40447092,-0.9535065,0.38950807
0.36929843,-2.6315691,0.92529345,0.62504673,0.40463093,-0.72494966,2.2258234,-0.34066412,0.25145176,0.37159827,-1.3787782,1.5576637,-0.45906517,0.4725404,-0.8600823,0.16261226
-0.90952164,-0.14989421,-1.7959138,-1.3554596,1.9889358,-0.35911974,-0.60283434,1.3276842,-0.61516464,1.0980889,-1.298202,-0.32800242,-0.22284095,0.51535684,0.68261456,-0.51957226
-1.2408775,-0.7928725,1.0208284,-0.98504114,-1.0375508,0.434361,0.52320266,0.8600925,1.080798,-1.6133367,-0.1796511,0.12414689,-2.1056428,0.18292275,-0.0073603,-0.4920913
-1.3936592,-0.8920906,0.2388784,0.533525,0.74084413,0.32082564,-2.2137432,-1.1066937,-1.1093241,-0.45254314,-0.19041094,0.26925728,-0.6690198,1.599336,1.5730703,1.5480224
-0.96480834,0.6131306,-1.3087441,-0.25649577,-0.29551706,-0.39976844,1.2788497,1.8444897,-2.3048549,-1.0558319,0.98539627,0.3772943,-0.019574607,-0.5945085,-1.1908835,1.4971257
0.46270278,0.41860828,-0.113529414,-0.72157836,0.64896035,0.81233364,-0.6344006,0.71955603,-0.98144835,1.9521841,0.057088833,-0.09836366,-0.6905539,-0.24723627,0.54286337,0.3422396
-0.30750924,-1.1300753,-0.3276255,-0.3662139,-1.475527,1.4181861,0.17177251,0.06961362,0.3316499,-0.3087854,-0.2405501,0.43047512,0.8618842,-0.4290949,-0.5764405,-0.5270284
0.95765245,0.10487039,0.9579803,0.65106654,0.49641126,0.21715748,-0.48245162,1.1117752,-0.60808843,-0.84875274,0.8015341,0.8196241,0.21010241,1.1736917,1.1906762,-0.17578173
-1.1806353,-0.19356272,0.906656,-0.91853243,0.29610026,1.2667828,-0.5278856,0.40529487,-0.2269626,-0.51010853,1.1860466,-1.8104559,0.1887519,-0.94764405,-1.0710548,-0.7969188
1.5648036,-0.6165286,-0.56699973,-0.09206254,0.35278097,0.8063592,-1.1326542,-0.14869457,0.6215883,0.8098104,0.95458186,2.3013403,1.5423052,-1.969994,0.12023529,-0.02024069
0.03861054,-1.0553764,-0.6577674,0.31713313,1.141765,-0.43013236,-1.2660062,0.42569423,0.07949053,-0.006410934,0.7201649,1.1837548,-0.7024996,0.5536834,-0.095617846,0.41084975
-0.5531134,-0.646455,0.14929196,0.22363658,0.75858057,0.07627786,0.039284132,0.6373277,0.63409084,0.9122712,1.3360345,-0.75241005,0.33933204,-0.32837072,0.7133151,1.7046317
-0.11586214,-0.64861405,-0.120961875,-0.98054516,-0.72882766,0.78150153,-0.31543547,1.7616748,0.6920914,1.5849069,-0.4966678,0.2944638,1.6074408,0.5737289,-0.5617427,-0.106780685
0.24690337,0.002529353,0.68192375,0.5246181,-0.49138168,0.11018071,0.60171753,-0.6430236,0.266437,1.4846994,-0.5974015,-0.5158732,-0.7841433,-1.2637987,1.2701755,-1.1625373
-1.2221174,-0.289753,-0.20039244,0.09670434,-1.1072488,0.48521122,1.3827168,0.37095615,0.42377108,0.8832829,-2.458571,-2.0721498,1.0239152,0.18652293,0.22443879,-2.1944559
0.00770606,-0.57773226,-0.5862672,0.4768042,-0.800757,-0.5400375,0.7694628,0.6695766,0.33557692,-1.1641134,0.7049915,-0.17612055,-0.14497828,0.8663215,-0.62506497,0.18253511
-0.27524847,-0.7466194,0.047339924,-0.06899437,-0.6859037,-0.7064996,-0.84889287,1.4450424,1.0052975,-0.055409163,-0.8776741,0.5772069,0.4874225,-0.35068193,0.16620663,-0.30361927
-0.7550783,1.5633955,0.22354275,0.05122008,1.7721134,-0.7271757,-0.03227261,1.5290285,-0.8813168,0.03720402,0.5106613,1.452021,-0.9342524,-1.113554,-0.14947934,0.80142915
-0.56389517,0.9548084,0.351444,-0.72134256,0.07851267,0.4431575,0.39495832,0.09699722,1.1440648,0.20686808,0.848117,-0.5500488,1.0941852,0.45760617,0.2721596,1.4765034
-2.0169046,-1.615423,0.73097694,-0.16255139,-1.6779461,1.7790849,0.423692,1.4513534,0.43241572,1.0846232,1.4873676,-1.3017465,1.863512,1.6461722,0.17337456,-1.6353256
0.32950172,0.099273965,-0.84507066,-1.2100382,-1.0780544,0.79026675,-0.29284927,-1.2476336,-2.2365432,-0.98037183,0.95388716,1.1131704,-0.5365428,0.24451095,2.3362544,0.88996166
-0.17469327,-0.38252017,0.8438186,-0.9700192,1.1118714,0.13876238,-1.1907762,-1.6685847,0.32148063,-1.2657981,0.29458433,-0.7695859,0.25419506,0.27986994,-0.019457884,0.4565886
0.74841654,-2.3366547,1.1335247,1.5603634,0.9862062,1.5876505,-0.49928287,0.71281344,-1.0916517,0.59192216,0.09846271,1.661951,0.52509737,0.29649857,-0.39805996,0.970383
-0.5310756,-1.1131806,-0.5566379,0.41043323,1.220812,-0.928261,-0.686191,-0.19608358,-0.29770952,-0.056019373,0.11851732,-1.0417024,0.0025505042,0.120481566,0.63478035,1.5892351
0.97964317,-0.1788527,-0.0035979114,-1.5561696,-0.9378513,1.3902645,-0.85480565,0.8038608,0.2667737,-0.7693998,-0.30210698,-0.1334321,0.36316904,0.05466795,1.199074,1.5585114
-0.7485122,1.1258599,0.2786311,-0.6203713,-0.415672,0.37031907,-1.3579158,0.39965972,-0.28266427,0.195789,-1.129005,0.9393009,-0.75241697,2.1819394,-1.0589355,0.6641963
-0.9705401,1.5638117,0.0853947,0.13924986,-0.49478757,0.93668425,-0.2580347,1.6735684,0.2618746,0.2313427,0.6829302,0.9381884,0.087652355,-0.14721474,0.638566,0.34989023
-0.38218594,0.12142687,0.67058736,1.4583596,-1.5299108,-0.61979944,2.1868713,-0.13171697,-0.3449945,-0.3220253,-0.062292695,1.1101301,0.18058142,0.15700234,1.2248973,2.697672
0.86391336,-0.6250808,0.30676344,-0.42585248,1.541148,0.47254637,1.0242091,-0.38615444,0.20722507,1.3112389,0.3934701,0.4833969,-0.90475386,0.19550395,-0.27039358,0.7518302
1.3932874,-0.5655627,0.98405004,0.9892384,0.28903326,0.17657247,-0.18232742,0.4274708,-0.6090987,-0.41889685,-0.10021043,1.018372,-0.64614636,-0.3933571,-0.35583952,-0.6152899
-0.8281595,1.2817079,1.1420428,-1.3576334,0.30486476,0.03932035,0.25277695,0.31337592,-0.6017768,0.792438,-1.1769824,-1.0346489,-0.15734053,0.57858205,-0.08957519,-0.74769706
-0.17227297,-0.58090234,0.22095671,-1.9622858,0.539263,-0.08069341,0.5044034,1.1588295,0.96752656,-1.1086544,-0.93571186,0.8099064,0.72257406,-1.0144727,-0.6870857,1.1495992
1.097677,0.91977835,0.4401992,-1.6293967,0.22972599,2.0091145,0.68143696,-0.6268529,-0.2399402,1.8819611,-0.70148337,-0.021433694,1.0570627,-0.98008054,0.5779766,0.867883
0.64401186,1.400817,0.12625211,1.1962147,0.35860315,2.1285503,0.8179855,-1.602622,0.9587637,-0.3140976,0.36267406,-0.14835227,2.34921,-1.6243433,-0.2813328,-0.06309562
0.22861324,-0.08724362,1.2289274,-0.68329895,0.3337295,-0.038161196,-0.42286277,0.8321962,-0.38696563,0.37419692,-1.8841287,-0.12386479,-0.6680307,1.8830398,-0.36649752,-1.2398893
-1.3751264,1.75708,1.5133828,0.5638301,-0.6014699,1.5654917,1.223214,-1.5011162,-0.39504838,-0.4387339,-0.20603484,0.507988,0.2135134,0.1947318,0.1778065,-0.5691591
0.37069133,-0.8031522,-0.39838192,-0.31270188,0.41377923,-0.24313962,2.0917034,-0.5874062,1.272887,1.8378582,0.50734097,0.44286144,-0.040062558,0.52615094,-1.4073821,-1.0644194
-0.37908715,-1.860328,0.20942989,1.6610585,-0.59706175,-3.853406,-0.06260268,-0.08578458,-1.270662,-0.38553336,0.1747383,-0.9250904,1.3579047,-0.5627373,-0.43575704,0.6234389
1.0894052,0.10070943,1.1550808,-1.0784863,-1.3733431,-0.91165453,-1.9742062,-1.4149523,0.4748665,0.8117573,-0.23095597,0.013748873,-2.5488353,1.2018261,-0.43705925,-0.57311887
0.85985637,1.0586674,0.57191265,0.66111815,-0.8481342,-0.61351526,-0.780683,-0.041230023,0.27197558,-1.0526772,0.7284409,1.3594588,0.5952567,-1.2456852,0.78170115,1.2405683
-2.1662326,0.8038446,0.14588825,1.519102,-1.5022817,0.25326547,-0.55291253,0.18143621,-0.35187894,-0.7246794,-1.4654,1.3010424,-1.8303449,-0.68847007,-1.9734046,0.46455777
0.75024694,-0.41335464,-1.7542188,-0.030906644,0.2458935,0.255273,-0.8472397,1.2212846,1.0951571,-1.7010616,1.2645241,-0.058674086,-0.8647782,0.9814731,-0.6138165,0.7898586
0.49437013,-0.6661361,-1.5450746,-1.5864002,-1.3710513,1.2492106,-0.12366334,-1.2092378,1.0781673,-0.83305025,0.4025401,-0.86910594,-1.0608946,0.48128608,-0.54096913,-0.67619526
0.23717451,-0.37147218,-0.33561814,1.9269147,-0.0928493,1.6431165,0.34375057,-0.25977024,-0.7213114,-1.1521374,0.76484305,-1.105966,-1.0386338,0.9886293,-0.09804502,-0.23893718
-0.43175212,-0.92608476,-1.0503709,-0.7804482,-0.4820407,0.75509787,0.9929898,1.5676786,-1.1815034,-0.8681122,-0.33465502,1.3305937,-0.095843114,0.31145656,-0.1516773,0.45287302
1.0796193,2.0559478,1.3555589,0.53962576,-0.12382446,-1.2613332,1.9067934,-0.63930106,0.3820699,-1.4163097,-0.6277945,-0.40588373,0.2754309,-0.65208966,-0.6525591,0.0015498525
1.477226,0.32890856,0.7253219,0.12771265,1.2332524,-0.22832973,-2.164654,-0.11771962,0.14342603,-0.25255468,0.12375809,-0.49857938,0.8561946,0.87267405,0.5150414,-0.5929009
-0.996504,0.314382,1.0208579,-0.8177581,-1.8739488,0.24818426,0.547308,1.439687,-0.6696991,-0.06654688,0.20068169,-0.87133753,-0.5955396,-0.01083212,1.0969104,0.061806984
0.57513916,1.4000044,-0.91118515,0.4301602,-1.8566232,0.809825,0.569322,0.804685,0.08571913,-0.6399089,-1.2973504,-1.2636101,0.7866362,0.17460293,0.29745758,0.60277766
0.8880937,1.2729869,-0.20617327,-0.32162413,0.6615168,-2.4146125,1.0207133,3.3047857,-0.49978068,-0.17855416,0.8685301,-0.092251964,2.1593106,-1.1367971,-0.494985,-0.30809844
-1.2481127,1.0325433,-2.3556812,-1.1705914,-0.6052437,0.07652716,-1.1011031,1.0081561,-0.19937707,0.80630326,-0.4639576,1.1444055,-0.27992585,0.015298858,1.8777006,0.11422464
-1.7284861,-0.94461673,-1.7035661,-0.48585448,1.8741262,-0.37856686,0.7755168,-0.03261453,-1.2883683,0.47086433,0.03294171,1.1092359,0.3479866,0.5458537,-0.5547858,2.531477
-1.9073102,0.2352757,-2.6856833,-0.29472572,1.7467383,0.15415548,-1.8219697,-0.89418757,-0.5570422,0.0062653422,1.1268286,0.11911328,1.7521758,-0.6019548,-0.646648,-0.98631495
1.7154757,-0.36608,0.87815756,1.5341092,0.24049112,0.33596542,-1.2007618,-2.206204,0.18183643,1.2699549,1.0181886,0.32798043,-1.6236546,-0.09671278,1.0782422,1.4795357
-1.09885,1.3741851,-1.727285,-1.2667936,0.43677595,0.42740902,0.908715,-0.12291584,-1.8685855,1.1532196,0.5781402,0.9303398,-0.73861927,-0.15444623,0.080187425,0.45766065
0.9672229,-0.2874468,0.5765618,-0.114760116,1.149803,1.0487272,1.7147696,0.3396763,1.0113308,-0.76990616,1.1259073,-0.074215434,0.8189817,0.0892109,0.8200836,1.030325
-0.778571,0.5589578,0.7369075,2.1936414,-0.52744067,-0.7116639,0.27124685,0.5124364,-1.7693062,-0.6891215,-0.19969445,-1.1470137,-0.2786421,-2.2846847,0.02043659,-0.7272155
-0.9402367,0.9759658,1.0301584,0.1718446,0.47530448,0.22548752,-1.1799653,1.089376,-0.67501915,-0.36385316,-1.5662378,0.097313195,0.79003465,0.8500753,1.0073018,0.5686288
0.82114,0.18289478,-0.24119836,1.8434511,0.66175544,0.16298914,1.8560997,0.27083042,1.5284235,-0.36264414,0.012989296,-0.03883565,-0.87895936,-0.3153909,-2.4527686,-0.6353246
-0.8005392,-0.1220929,-1.8566864,-0.16398415,-0.5258074,0.40191272,0.34127596,-0.33971587,0.15090466,1.6230124,-0.12582795,-0.48521858,-0.07652075,-0.7572696,0.06661038,1.6133602
-0.7700448,-0.5988506,0.31726292,-0.263262,1.210572,-0.02893428,-0.6086027,-0.12185632,-1.876548,-0.09711568,1.165792,0.73573554,-0.27975345,0.1572085,0.41703945,0.8006936
-0.65802604,0.21597648,-0.0008530002,-0.88373435,-1.0597962,0.17884454,-1.3455986,0.1287031,-0.27266586,0.09304597,-0.7385319,-0.5162662,0.5209676,-0.78005964,1.3622977,0.24500287
-0.32697877,1.2161213,1.1289968,-0.1968943,0.3764237,-0.22546694,-0.71594965,0.1257855,2.2623386,1.0971526,-0.5925519,-0.55410874,-1.2716271,2.0478334,-0.8802108,2.0430696
0.38029677,-1.2520449,-2.031511,0.97239965,-0.12975203,1.1717609,-1.5146965,-1.6187154,-0.57528454,1.0390272,-0.37806758,1.270904,-0.8672237,0.4125099,0.5718196,-1.641766
-0.27192104,-0.9707838,-1.0118821,0.078914724,1.4590453,-0.34113452,-0.4583914,0.47126555,-0.1207983,-0.3165668,0.5195732,0.068238705,0.20733726,0.15826085,-2.470301,-0.2539653
-1.1387252,0.46228617,1.3221314,0.9587042,-0.117569424,-0.37043682,-0.97672796,-0.94589657,-0.61867326,-0.4952815,1.0457835,0.06678156,-1.6370187,-0.44462532,0.6628638,-1.0511574
1.3137186,0.16984496,-0.6456614,0.26643398,0.8514119,2.0833385,0.94834334,-0.6911976,-0.41306058,0.008838313,0.43437472,-1.6423713,1.5379184,0.044048805,0.046632364,0.5270496
0.18452364,2.195274,0.10889566,-0.6341347,-0.9609643,-0.96204317,-0.7695988,-1.3072214,-0.84126365,1.5445641,-0.21365376,-1.0178428,1.3880911,0.0002789963,1.2175595,1.1935471
-0.84006476,0.42275518,1.316809,1.3425632,1.8978319,0.2967532,0.19682167,1.1172144,-0.95756954,1.0131731,-0.27605522,-0.87340057,-0.70990735,-0.11395276,1.115831,2.6833012
1.7152064,-0.9103679,-0.8010055,-1.2118536,-0.41355598,-0.021259239,0.6811096,-0.80724686,-0.14986269,1.8978012,-0.50649,0.11271894,0.4774506,0.35606673,-0.77170014,0.54438305
0.5861647,-0.55888987,-1.0119708,0.08014211,-1.9491649,-0.7977212,1.0729321,-1.0019623,0.8689299,-1.0480528,-1.3401102,0.23606779,-0.94093055,1.8989561,-0.47673562,-0.3190426
0.2230505,0.62817174,-1.0398045,-0.1427209,-0.93417776,0.48281115,0.96708775,-0.04236157,-0.18435703,-0.4654885,-0.15513936,1.6018373,-0.15653214,-0.40327778,0.8241348,0.7829879
0.010622423,0.77839714,-1.3213685,-1.4212792,-0.15686572,0.8459218,0.5808626,-0.24175927,0.9880799,0.28948364,-2.488797,0.58202696,-0.15221488,0.29337507,0.89110607,-0.7965337
-0.4788614,0.64920896,-0.53097576,0.71329325,0.8585828,-0.81283087,0.64016515,0.633335,0.103140615,-1.18112,1.1636741,0.18354297,1.4169776,-0.15851697,-0.16585442,0.90059525
0.07114987,0.21441498,0.10938689,-0.1319348,0.17152978,-0.91879207,-0.7816211,-1.1272693,-0.17224833,-0.34820634,-0.83172315,-0.09600013,-1.7644252,-0.48344773,1.1310999,0.31326076
-0.44534436,0.59091973,0.4099797,0.23573764,0.5975116,0.19447649,0.24689451,1.0023668,0.037099596,-0.25675339,-0.38088274,-0.1979182,0.8092838,-0.5132133,-0.26204133,0.22791073
-0.8992916,0.4095109,-0.39587456,2.114364,1.9266022,2.11116,0.23267132,-0.04910347,0.7079202,0.8610273,2.9075313,0.037568502,0.6558947,0.35428405,0.22427665,-0.39647567
0.029942097,-1.0029258,0.94409674,0.03309563,-0.43343714,-0.07879114,0.0039782077,0.0010352442,-0.50767267,0.3955991,-0.48221996,1.4774189,0.52654207,0.2793465,-0.7196083,1.2042228
0.94644415,-0.31651652,-0.7794456,-1.0159214,1.7948326,0.4719032,0.034503143,0.123895794,-1.0083197,-0.62320423,1.0896939,0.22132683,0.20894733,-0.8108188,-0.82538086,-1.6620398
-1.6463434,-0.6160512,0.67065585,-0.52801704,-1.5716983,-0.9045842,0.42583278,1.0895715,-0.846767,-0.1957398,0.79956114,0.7125198,0.14018096,1.5105956,0.48064604,1.2176931
0.33799213,-1.398652,-0.0961826,-0.121915415,-0.25984707,0.3636878,-0.12840457,0.46666142,-1.0523423,0.4580927,0.6324836,0.13865478,0.05253774,-0.09156378,-1.1127162,-0.1854106
-1.0163481,0.028890993,-0.39177477,-1.7503088,-1.7316868,0.6771887,0.6140347,0.004592146,-0.26435792,1.5941778,-0.28270504,-0.85578007,0.6791801,0.82366306,-1.6309761,3.1094851
-0.4469519,-0.658778,-0.7987897,1.2475417,-0.63307446,-1.141088,0.57146955,-1.2567593,-0.9818023,-0.5538769,-0.44963506,0.6362868,-0.7807953,0.024109496,0.72763497,-0.5744486
-1.3440322,0.16483662,0.57791567,0.7594701,0.49625134,-0.6111806,-2.244943,-0.34801862,0.7442305,-2.103563,0.34641263,-0.49974865,-1.1480826,1.1436871,0.21255597,-0.79078674
-1.259033,-0.3661525,1.2033174,1.9403102,-1.2820066,0.72847474,-0.33790138,-0.6626912,-0.5242013,-1.342725,0.5093822,1.2404791,-0.014727466,0.7675382,1.219477,-1.6731218
-0.6790362,-0.16883749,-0.6269991,-0.9699034,0.4967458,0.1319915,-1.6420748,-0.5951624,-1.7849417,-1.7001106,1.5975238,0.08456395,0.4355489,0.6529582,0.6617087,-0.7743646
-0.93792796,-0.8514277,0.7650327,-0.93769044,1.1363481,1.3589255,0.8575852,-0.7801581,2.534166,0.6641656,0.662604,0.2013091,0.14001368,-0.43896773,-0.1917235,-0.3970503
0.7569425,1.0925089,-0.0618715,-0.53874946,0.36518434,0.95359075,-0.5664905,0.3498639,-1.1394931,0.65509063,0.47760266,0.10466007,-1.4232805,-0.26662067,0.77560097,-0.8330673
-0.16642697,0.95377964,-1.0284084,1.1180059,0.37948248,-0.48666963,0.7526988,0.53020185,-0.67153585,-0.22346193,0.65793,-2.4962752,0.7908297,-0.14249173,-0.18139589,0.6138394
-1.1856341,0.038074493,0.39269742,0.60738695,0.15055835,0.41633722,-0.013298264,2.2616055,-0.3280532,-1.0660032,0.18900958,1.3957568,1.745571,0.18658914,-0.026685819,-0.8598847
1.4750504,0.7142793,1.1482524,-0.72435457,0.6188112,0.054284975,0.27276552,-0.6448941,-1.1449368,0.6549944,1.3358992,-1.3972056,1.1187459,-0.8417154,0.12844728,-0.3091879
0.7920144,-0.81963533,-0.3177161,1.943604,0.13061102,1.6540629,1.4033489,1.0698285,2.2853422,-1.56394,-0.30387172,-0.08728174,3.0212998,-1.2813189,0.66656077,0.41064253
-0.8371894,-0.3735441,-1.043797,-0.1890747,-2.2118065,-0.66466194,-0.058020435,-0.3672499,-0.17198542,0.1959102,-2.0846388,-2.699347,1.0320388,0.44591486,-0.50789785,0.4599832
-0.30056083,-0.0072774105,-1.4372948,-0.624132,0.76082873,1.7024124,-0.47075164,1.5058041,-2.2641149,-1.6071365,-0.46989843,-0.04986431,1.1998333,-0.13238259,0.30748013,0.5240603
-1.9143889,-0.54624456,2.092724,-0.62280625,0.68767685,0.13575275,0.936354,1.6894013,-0.40005714,0.49092272,-1.2049574,-0.06255937,-0.51875716,-0.21961536,-1.5816067,-1.1514947
-1.4213837,-0.31558692,-0.45914763,-0.50650483,2.198816,1.3524802,-0.8771332,0.61803555,-0.2419722,-0.27966368,0.1701808,-0.4257534,1.8025482,-0.37489095,-1.1191399,1.1097932
-0.50657916,-0.5405474,-0.06718089,-1.411476,1.1093012,-0.02864286,2.237812,-0.40632555,1.2997828,0.13180602,-0.35770234,0.43572742,0.5863575,-0.4114816,0.17645116,-0.33605984
-0.08074562,1.1527803,0.042029392,0.25666305,1.0769367,0.61568415,-1.4667134,1.108383,-0.49998802,-1.1268808,-0.13971114,-0.031298388,1.423182,1.6700473,-0.3172028,0.8427153
0.08973515,-1.8538313,0.38429403,-1.1481856,-0.00026531075,-2.6037288,-1.1998041,0.14733455,0.5838146,0.059965607,-0.7760711,1.9879684,-0.23282583,-0.5972396,1.1386395,0.34786627
-1.1099801,-2.8414621,0.40937546,-0.09839446,-1.3743405,0.28518945,1.180754,0.58831096,0.72578067,-1.3132409,-1.071493,-1.7524402,0.8857666,-0.80186456,0.0372583,-0.8476469
-1.2179006,0.26494434,-1.2065257,0.2864514,0.030271854,1.1711047,1.6371673,0.22685958,0.50408185,1.6346557,-0.24984102,0.3060484,1.5131311,-0.4426179,-1.0112448,0.63215333
1.4707342,-2.6147506,1.4849957,1.4488641,-0.88676786,-1.0976679,0.13886906,0.76208556,0.3803572,-0.33563933,0.9173972,0.76008284,1.9729909,-1.0483487,-1.6203852,-0.59737307
0.3935671,0.043841608,-0.4113555,-0.25262398,0.9143175,-0.1120092,-1.5466788,0.53859925,0.71259546,-1.269033,-1.9831438,-0.9582898,-1.063831,1.9557575,0.98900205,1.0106217
1.6901982,-0.58739483,-1.290744,0.9392502,-1.1417012,-0.9269661,-0.54566133,0.77819794,0.16041894,-0.54381955,-1.0947682,0.5207964,0.102111965,-0.093619086,-1.5078789,-0.11047825
-0.085554324,-0.11340361,-0.6909077,-0.12053352,1.1015767,2.1620536,0.9346044,-0.8439684,-0.75725615,-0.14283215,-0.7233671,-1.2859434,0.25693926,-0.1904584,-1.0796095,1.0805962
0.3338552,0.68371886,-0.35053584,1.2468164,0.9853192,-1.4644842,-1.081318,0.9184664,1.0532182,-0.8801295,-0.62476534,0.09564023,1.3185219,-0.94293076,-1.0159569,-1.0564189
-1.1677737,-1.1034772,0.2685321,-1.4647897,0.29670388,-1.142158,0.5288266,-2.583521,-1.1848346,-0.6743548,0.39783904,0.96510094,1.5150534,-0.008536242,-1.2987417,0.27755278
-0.6321981,1.3525115,-1.2673241,-0.0862934,-1.709735,1.0340635,-0.1688515,1.0494548,-0.7472418,0.022632174,-0.88996553,0.5405545,-0.56373715,-0.98544794,-1.2062608,0.2807092
0.63761044,0.4120476,0.11477909,-0.74458265,1.7365937,1.1515435,-0.3525358,-0.4865812,-0.7708815,0.9392622,0.21064192,0.18641351,0.67228067,-0.68679243,0.08494666,-0.9331474
-0.90625584,0.09927744,-1.3497772,-0.13702409,0.43204877,-0.18570392,0.30609757,-1.8867177,-0.46947402,0.2415587,0.26866513,-0.066582225,0.26808915,0.85971254,-1.684765,0.70681316
-0.95372844,-1.379527,-1.018042,-0.4922238,2.079502,0.49903804,-0.39048716,1.2035521,0.35451433,0.26151884,1.0093409,0.6487882,-1.5818288,0.09762986,0.37835586,-0.8677814
0.36207533,0.18300071,0.4840737,0.8614857,-0.58106965,-0.23221815,-0.63161075,-0.6479865,0.44384545,-0.44132075,0.9201808,0.6053532,-0.4078928,-0.31327182,-0.8838312,-2.082702
-0.8256425,0.11924245,-0.45361808,0.36426646,-0.551913,-0.9032614,0.68551415,1.6612234,0.29878917,0.37908506,-0.6782158,-0.22138926,-1.28241,-1.8915865,-0.8289426,-0.87004524
1.5557828,0.2646097,-0.947129,0.9623716,-1.1049715,-0.7562276,0.2603194,0.92080945,1.6059979,-0.80725414,-1.209018,0.7056219,0.8328565,-0.87382436,0.44716865,0.09008992
0.6772587,-2.8097744,-2.7777984,-1.382914,-0.15964137,-0.058185965,-0.8288457,-0.8952677,-1.2468687,-0.96708846,-1.1720108,0.06606655,-1.1709238,-0.7262797,0.84721375,-1.4501855
0.094748154,0.37538746,-0.54957753,0.8500852,1.3506199,-0.47830194,0.3693918,-0.09246457,0.5171854,-0.14588402,-0.46015254,-0.35185173,0.4799476,2.506298,0.74322647,0.39424938
0.63225937,-0.9368098,1.6907628,0.64071727,1.8606998,0.1293635,1.4958782,-0.32841647,0.7210863,1.23346,1.2543368,-0.5714484,0.36138177,1.5434858,1.1219623,-0.20176385
0.7112195,-1.1823255,-0.50395906,-0.23908083,1.3762195,1.1377131,-1.338665,-0.119582266,0.3978278,-0.25890592,0.6506555,-1.3962505,-1.1062868,0.8022579,-1.1419064,-0.35786828
0.00301026,0.19779757,0.44221768,-0.79071164,0.35834202,-1.9071375,-0.7863007,-1.5613214,0.6350228,0.72790116,-0.4884404,0.4743231,-1.2927475,-0.3567438,-0.25854132,-1.0519285
-0.15437956,-0.883464,-0.7443125,-0.6699627,0.9437499,0.2827693,0.27741826,0.6753558,-0.4562079,-0.54438615,0.83107024,-1.628857,-0.7948317,0.43896917,0.24847095,-0.8105414
0.14385,1.3987405,-0.76725745,0.7388828,0.3076668,1.0278997,-0.11703003,-0.13786393,-0.51609915,0.3645806,0.62710017,0.82792693,-1.2701088,-0.030979745,-0.7093293,-0.9097129
-0.19738373,-0.31220946,1.5684605,-0.6454504,1.5592588,0.23971665,-2.3777435,-0.16085057,-0.54146266,-1.0596,0.27380338,0.9987278,0.02024496,0.28140384,1.9396172,-0.880253
-1.9704823,-0.12551323,-1.5101782,1.0171183,0.30355456,1.1247169,0.26472354,-0.761676,0.8875925,-1.439902,1.6843078,-0.4876814,1.0598788,-1.6521292,1.4463298,-1.0777416
-0.47969294,0.8727764,1.1172254,0.64332366,0.49000096,0.124272615,-0.06623753,0.77169013,0.22779734,1.2496645,0.4161288,1.1238344,-1.5900103,-0.25929213,0.43887377,1.8618816
0.66019773,1.4544605,1.7788413,0.76668197,1.7488275,-0.20177914,-1.9938259,1.4924574,0.2750426,-0.46666414,0.084528804,2.1498833,0.27918437,-0.8203583,0.046473723,1.0870441
-0.01261699,-0.54911494,1.1805286,1.1937773,0.68588305,-0.52064085,0.06951411,0.16975091,1.4751968,1.067732,0.24384728,0.6576716,0.60247606,-0.6916409,2.4075446,-0.31258273
-0.044426084,2.4774494,0.8832034,-1.100727,-0.7177993,2.553653,-1.555326,-0.25443068,-0.64051205,0.4281228,0.96019566,0.2966506,-0.15480766,0.8797593,0.8626302,0.44378623
0.25170463,-0.8931956,1.0667778,1.4507998,0.44405577,-1.2792103,0.89978355,3.5209906,1.2886393,0.7370516,-0.24686942,-0.03205611,-0.29585284,0.92782867,-1.4393467,-0.5924518
-0.75159496,-0.5022832,-0.37041518,-0.34979126,0.8205012,-0.70398045,2.6281245,2.0676978,0.041212067,-0.38609484,1.5084068,0.25007883,0.27749223,0.25083688,0.7749397,1.4782892
-1.2205204,2.954494,0.47956812,1.248767,1.8117305,-1.1438245,-0.99402225,-0.4970545,1.689922,0.4617313,0.32254,-0.7623859,-0.07729629,0.64394075,-0.0984041,-2.7676558
0.15743382,0.54460025,-1.0660284,-0.627226,0.119228065,-0.13852158,1.133718,-0.0042794626,0.5662062,-0.66484654,0.025715927,-1.3601027,-0.13674147,-0.92460597,-1.8520182,-0.35243657
0.19427954,1.084214,-1.4960592,-1.4713614,-0.55248976,0.9391451,-0.9953992,0.7587687,-2.1947486,0.39014181,0.97087294,-0.9092702,-1.8853207,-2.024005,-0.26087773,-1.2375677
1.573055,-0.74429804,-0.78708565,0.50976574,-1.0145692,0.28582457,0.5025488,2.755611,-0.7323848,-1.272266,-1.2451457,-0.40346423,-1.2530829,0.39786047,-0.0032649264,0.62815523
-0.24236535,0.7620645,-0.7257086,0.6401154,-1.2937295,0.28739163,-0.30771175,0.64245594,2.3037627,0.3190464,0.36408278,-0.25001812,0.04953874,1.7071989,-0.14548802,-0.059008814
-0.9550708,-0.9981802,-0.88920987,0.06849005,0.54191583,-0.0040607043,1.1082034,0.46419084,-1.1940597,-0.9489095,1.176928,1.1137633,-1.2215428,1.9716004,0.13556024,-0.3583373
-0.50071275,1.3706825,-0.53238493,-2.0315592,-0.96044225,1.3483775,0.43760338,-2.2596595,1.0685146,0.7405553,-0.23512489,0.397154,-0.1947739,2.6281438,0.748238,-0.8061342
-1.5757139,0.25162074,0.28715178,-0.24171159,0.26115814,-0.48186103,0.3243053,0.48860478,-0.009856481,-1.5648876,0.68454725,-0.0502171,0.97822803,0.6875216,-0.4338774,-3.1368742
-0.9558032,0.8331755,-1.1261247,-1.2373481,0.006641874,0.8069336,-0.92481965,-0.79466337,-0.0021171458,0.87563264,-0.97360796,0.12551028,1.5593379,-0.33359486,-0.64969504,-0.1840607
0.83074737,0.9890808,-0.61226016,-0.67061377,1.7402943,-1.7144617,0.5096354,0.29048887,-0.07290322,-2.2818232,-0.2986769,-1.1586896,-0.0043587033,0.2321884,0.2825717,-1.1867903
1.2788923,-2.3412187,-0.35191342,1.1743644,-1.2550286,0.39678904,0.46274084,0.55541813,-0.5326946,-1.1198404,1.5380361,-0.1794812,-0.71102566,0.81494045,-0.46357828,-0.43007857
-1.8369659,0.38539675,0.3908991,-0.20507567,-0.09902279,1.2823253,-0.114825174,0.58838147,0.4934165,-0.16293058,0.5330026,0.060041875,-0.4444298,0.47251424,0.8349854,1.0501763
0.1217416,0.442796,-2.0018773,1.0725505,-0.20649274,0.09067123,0.6678996,1.3286017,-0.7394785,-1.2061406,-1.0718426,-1.4385707,0.11137244,1.1653297,0.20008743,1.7046847
-1.0585735,0.76325524,-0.49674538,-0.30286315,0.4266013,-1.7280908,0.64559424,0.25753313,0.22919017,-0.40731084,0.84166235,1.204585,0.6291106,-1.088194,1.3207076,-1.5412104
0.33933187,0.28195977,-0.54547596,-1.6493441,-1.5800725,-0.30952147,1.5747811,0.715265,0.422859,0.050578896,-1.1150521,0.6290278,-1.1998314,-1.0357884,1.10326,-0.46323386
0.86868286,-0.07782858,-1.7451693,-0.6176664,1.8042141,-0.10490885,0.37887648,-0.5611613,0.24986514,0.22738639,-0.73341167,0.16018902,1.1221995,-0.56550455,-0.75181156,-2.0859714
-0.6266185,-0.77765656,0.97923076,1.2186086,-1.3426354,0.052424595,1.5054554,0.32924512,0.54894286,-0.9732599,0.34917116,-0.86965847,0.52271813,0.4633147,-0.6083225,-1.3200613
-1.0239183,0.3191741,-0.40421548,1.3902353,-0.59308815,1.062856,0.5503553,-1.2714205,-0.82832706,0.6752471,0.13312763,-0.4685858,0.47067738,-0.45569706,1.476893,-0.78641105
-2.4433393,-1.2338924,-0.41364634,0.16027407,0.47977567,0.1679998,0.2837969,-0.28089768,0.70998216,0.5584935,-0.19312078,-0.115534894,0.2818493,-1.0606911,0.42044812,0.28892022
-0.9598854,-0.07297191,0.824626,0.17359024,0.73381317,0.58900034,0.28234458,0.8331372,-0.29195136,1.1809494,1.9099472,-0.48290753,0.6847764,-0.8973045,-0.5289024,0.9819466
0.68891627,-0.6608235,0.6915811,0.46077085,-1.9729595,0.5187689,0.076758906,-0.027295027,-0.42954928,0.5054426,-1.3942266,0.84007955,-2.0424569,0.06426806,1.3287826,-1.6183255
-0.25575498,0.5403387,0.8537191,-0.7007904,-0.26114738,-0.5751947,2.236231,-0.11084853,-0.97297215,0.8589958,-0.49088913,-0.5714918,-0.1454295,-0.08927091,-0.42254356,-1.50146
-0.71620256,0.6271022,-0.96190107,-0.96654916,1.4534075,-0.17393371,0.27233213,0.78939676,-0.6079053,1.2548482,-0.2167066,-1.1998088,-0.15090494,-0.214151,-0.41221863,-1.1757785
0.36217812,0.8604941,-0.04494548,0.5848516,-0.68947506,1.7735871,0.7784452,-0.61836326,-1.7284023,0.24400334,-0.78525066,1.1849085,1.9344047,0.36455524,-0.38510317,1.1620889
0.75885326,1.8658252,-0.369064,-0.32950413,-0.48604804,-0.955812,-1.364793,-0.04744028,0.14726079,-1.6999713,1.9020962,-1.1615721,-0.7365905,-2.140522,0.73598164,1.0148059
0.7963112,0.8628244,1.300851,0.99114925,0.6029397,0.022222487,0.8690287,1.166527,0.031886913,0.79564875,0.6644865,-0.7902177,-0.54343694,-0.43507946,-0.85222304,-1.8400679
0.24090949,0.17592406,1.3601116,-0.9490407,-0.89827025,0.17171563,-0.12481477,0.19302502,0.43170008,0.5166825,-0.18813053,-0.09944694,0.59590966,1.2909462,-1.1241121,-1.1635323
1.8387082,0.5641152,0.4628307,-0.80740464,0.5285283,0.9880341,-0.5070793,-1.3727982,0.61968464,0.73421186,-0.37887055,0.32741076,0.24275689,-0.8482691,0.814183,0.22019626
1.7903631,-0.49106765,-0.7448996,0.22261578,-0.2084078,0.5715402,0.5920238,-2.2088902,-0.3970494,-0.21537332,0.39664698,-1.3292204,0.43731746,0.015671559,-0.40845504,1.0104707
-1.9349066,0.23157488,-0.3717567,-0.02539317,0.3718118,0.8024241,0.4525377,-1.8126391,0.09675999,0.1839625,-1.9841295,-1.6787463,-1.3849226,2.1991105,-2.0692205,-1.3949738
-0.76902014,0.36466143,0.014424022,-0.23966031,-0.12571236,0.22374852,-0.75487375,-0.82463145,-0.8848748,0.8820327,-0.59673995,0.8497055,1.3800026,-0.13579743,1.8624028,-0.4639836
-1.3020178,1.231718,-1.5735304,-0.4867258,0.6158045,1.5338141,-0.9980961,-0.035705097,-1.065338,0.64293176,0.03672579,0.2542385,2.6608007,0.6986447,0.9571478,-1.0974532
-0.030058268,-1.1864699,0.43709996,-0.07250384,-0.19846956,0.50492156,0.50916487,-0.07577378,0.38015097,0.28107125,1.8357605,-2.3464625,-0.21838304,-0.25164038,-0.54502183,0.5886858
-0.9263847,0.53532195,1.2391413,0.19828218,0.83879787,0.33746862,-0.45876637,1.9956725,-0.32755244,0.12190278,-1.1887714,-0.30611265,0.6488702,0.14600956,-0.95734245,0.57225376
0.010665063,-0.5166433,-1.5548489,0.0840672,-0.41135982,2.7991996,-0.8028044,-0.32761863,-0.71570307,0.82398254,1.4688724,0.58889276,0.45604745,-0.27637988,-0.08842353,1.5406017
-0.6674406,0.58017224,-0.51367307,-0.39782587,-1.1523609,-0.2435242,-0.22841945,-0.39364502,-0.16719678,0.85933167,0.5656175,0.5906677,0.46342984,0.48055443,-0.86096466,0.42832577
-0.4395126,-0.08193354,-1.1779387,1.2378801,0.22696729,0.17035535,0.010281734,0.8320699,0.22194481,0.53955394,1.2383118,0.9474943,-1.6469038,-1.047378,0.5061797,-0.84459424
0.7260166,0.027951296,0.78094923,-1.5091685,-0.202247,1.4947184,0.26132545,-0.34669885,0.10606657,-0.87084943,-0.8908118,0.3274067,0.19331078,-0.2616483,-0.69661343,-0.6455984
-0.05212559,0.18935479,2.0985198,1.5087026,0.1117227,1.0085075,-0.38866708,0.28391367,0.0069316374,-0.4440438,1.099171,0.506727,0.7446055,-2.8755634,0.27963915,0.49453825
0.57153195,-1.013216,-0.18945223,1.1958913,0.11667229,0.014657896,-0.82338136,1.0818787,-0.44029677,-0.81915957,-0.29974693,-0.09831386,0.8833806,-0.12623532,-1.2297639,2.1413653
1.1087648,0.6418886,0.5493173,-0.07910866,-0.6107255,0.32799953,-1.6888516,0.5534624,-2.422679,0.90701187,0.5560749,0.15301023,-0.18613833,2.1099217,-0.00202192,0.30336973
-0.05873196,1.6660416,-1.6151131,0.6756127,1.43896,-0.44312358,-1.0789223,0.9839133,0.7692733,-0.52741975,-0.82317096,-0.035867963,1.4086953,-0.6039041,0.1919505,-1.9134037
0.99257684,0.53481555,-0.24901235,-0.9618537,-1.3330894,1.8316864,-0.26288274,-1.5405642,0.21061845,0.70357555,1.1895694,0.30899855,-0.77445096,2.0919979,0.017178074,-0.32452276
1.1357,0.4948907,-1.1955225,0.07950937,0.40941423,0.47994125,-0.6994169,0.6489579,-1.0426733,0.012760934,-0.17164542,0.32175443,-1.1396517,-0.6801562,-0.57135785,-1.8340143
-0.58742225,-0.504493,0.19223297,1.3251476,1.1280357,0.09984247,-1.6459104,0.42625833,-0.75331736,-0.15104358,0.55518687,1.9528291,0.08840534,-0.2716278,-0.3557317,-0.92801607
-0.45723188,0.78475213,-0.92357266,-0.9934369,1.1491067,-0.5026295,-0.86908,1.6304116,-1.5480834,1.1455853,0.62933004,1.0475842,-0.09700524,1.0941329,-2.384075,0.34436852
0.16056123,1.069098,-0.8015181,2.0840523,0.7025745,0.081884265,-0.020631917,-2.0764816,-0.640585,-0.68065476,1.3094152,-2.2127523,-0.36451405,0.029270496,-0.732609,0.34922743
-1.6635649,-0.62364393,3.0055304,-1.1802458,1.4542749,-1.4437593,-1.4165472,3.1106913,-0.106190324,0.7111924,-0.35313237,-0.42898038,1.2663457,-0.14264908,-0.73914057,-2.015949
-0.47599515,0.81577873,0.3266838,0.8281904,1.0115802,-0.039879434,-1.7437863,-0.2302889,0.54996425,1.0335417,-0.8831871,-0.3208822,0.9125809,-0.050180413,0.010260024,-1.0594858
-0.22688055,1.0588657,1.5076544,-0.8002706,1.9788201,-0.049898945,-0.48290235,0.642075,0.92500985,-0.8018195,-0.97884226,-0.09420706,0.27537248,-0.117782645,0.61420983,1.2171919
0.23065986,-0.5442038,-0.7528585,1.7576131,0.5346814,0.7271699,-0.871319,-0.111064985,0.35196114,-0.70484185,-0.41458005,-0.79764116,0.21303424,-0.68081445,0.33624893,0.8544402
-1.7922953,-0.25151908,3.0176654,-0.013776183,0.4612499,0.17577486,-0.24933574,0.2909415,-0.65192634,-0.593852,0.3326809,1.3077271,1.445677,-1.8828379,-0.16665475,1.0747577
1.1958194,0.41774207,0.50179625,0.5451191,0.1650377,0.26780152,0.08339083,-0.54880327,-1.9994274,0.32385522,-0.12819502,1.7515613,0.104230896,0.12451461,0.44192678,0.63821363
0.021086654,0.88664085,-2.2358704,0.061298806,-0.413298,-2.1815321,-0.7654923,-1.4590462,0.04686295,1.2244867,0.5916724,-0.83077306,1.0240786,1.4783703,-0.20661938,0.7820598
1.1876136,0.43865117,0.8526285,-1.290682,0.7840007,0.17304589,-0.18610653,-0.8657408,-0.026904143,-0.9794943,-0.4596998,-1.1513866,0.6160604,-0.14954537,-0.36369583,-1.2716966
0.84707236,-0.5381615,-1.1873263,-0.6342959,1.3671997,0.8687426,1.7163076,-0.8535957,0.1463097,-0.8379911,0.50970656,1.7121382,-1.1063308,0.27565604,0.8955567,-1.2462271
-0.7803989,-0.50027484,-1.0231277,0.67619914,0.733409,-0.2335745,-0.76036257,-1.4604002,1.1289967,0.73272413,-0.60169,0.6000751,0.62179303,-0.3330292,0.064412765,0.3169468
-0.36373273,1.4560304,0.91199625,0.11529013,1.2701924,0.0431137,-0.61609036,-0.66668695,0.5671416,0.7398033,-0.16346857,2.3828847,-2.3235238,0.72991145,-1.2431532,-0.08632587
-0.37142944,-0.1458803,1.1055031,0.13243954,0.5087498,1.8056949,-0.21593332,-1.1444756,1.7310288,-0.53040445,0.9635731,0.46626127,1.2964735,-0.07094197,0.8102452,2.1154137
-0.032376897,0.200751,0.35026133,-0.20392273,1.0124688,0.6194493,0.4240653,-0.26558357,-0.113274574,-1.2723945,-0.083281584,-1.722538,0.7921289,-0.20371862,-0.45265958,-0.9121513
0.45596763,-0.70874786,0.48728582,0.5640729,0.14382307,-0.63454396,0.36545023,-1.5500535,1.5234286,-0.42933986,0.5728783,-1.0309578,0.25828952,0.85760415,-2.3322277,0.10681275
-0.115711994,1.7230955,-0.12628555,1.0553839,1.238557,0.8058508,0.13886452,-1.1075519,0.8326011,0.1541824,-1.2610048,-0.27091292,1.044981,-0.3737068,0.40321892,0.17513596
0.24280925,2.265564,-0.34422815,1.2201496,-0.17136624,-0.6353989,0.52998275,1.3814207,0.74691135,0.7949524,0.47138974,0.22428228,0.53994,-0.2747823,1.1181989,0.25636032
-0.038663056,-0.79588825,-0.618582,0.42185688,0.45975,-0.87816787,0.47791317,0.42053273,1.0912213,-1.0804403,0.95072234,0.10979315,-0.8278506,1.1337882,-0.1057277,0.4859149
-1.2853754,-0.030470338,-0.9318168,-0.0037215548,-0.84707993,0.47559068,0.46072513,-0.39497113,1.0154506,-0.1938602,0.25502986,0.8339642,1.3394412,-0.5282773,-0.8726592,1.4779674
-0.15763696,0.6196751,-0.11032392,1.5442114,-0.3493127,-0.22326033,0.94373596,-0.7947911,-0.20277508,-0.9260535,-0.7753401,1.1739748,-0.99954516,0.18425801,-1.2954799,0.92446333
-0.20643823,1.2212391,-1.5938209,-0.4123935,-1.0164114,1.730323,-0.06486131,-0.58091336,0.13741015,-0.23321661,-1.49163,-1.3337567,-0.13097292,-0.108274266,-0.32125145,0.6429896
-1.2400012,0.057149746,2.2731817,-0.14120962,-0.2591107,-1.6937279,1.5571475,1.0773296,-0.36489728,-1.9452666,0.58851445,-0.24814385,-0.8579779,1.340071,-0.91356605,1.2245951
0.92639196,-1.1214005,0.47009715,0.16854641,0.6510246,-0.5344587,-0.56152654,-1.8266492,-0.8148157,-0.21350498,0.1787445,0.5919499,0.4277832,0.76103026,-0.24273044,-0.28539455
1.0260481,-0.3639923,1.5094543,-0.614175,0.55545324,1.1356413,0.21483204,1.5952659,0.32804963,-0.14729562,0.1899323,-1.3792559,-1.2474241,-0.82301825,-0.9471413,-0.3233369
1.026946,-0.15919451,1.2836831,0.1432347,-1.004895,1.1866868,0.17201641,-1.1653413,0.63484466,-0.25310746,-0.67740446,1.9868582,1.6469854,0.73427457,-0.5119997,-0.22350895
-0.31124705,0.58672506,0.14156032,-0.3266015,-1.1936579,1.0057251,0.88670194,0.977167,0.1741694,-0.7441096,-1.7362971,-0.84825367,-0.8886037,1.7814144,-0.9363386,0.78633827
-1.4848343,0.4029277,-0.4469188,-0.5676532,1.1420966,-1.2048973,0.83584535,0.512889,-1.6511103,-0.63061357,-0.73201907,0.7940664,-0.439173,-1.4802736,-0.87841743,0.099060915
-1.042651,0.06574866,0.65544456,0.5187074,-0.51736325,-1.6431177,0.463027,1.8135555,0.6891329,0.5441758,0.83103347,-0.5912133,-0.4923463,-1.3252654,-1.009784,-1.5716491
0.833637,0.2578121,0.37468567,1.21453,-0.6845971,-0.5542558,-0.9533562,-0.6505337,0.7439858,1.0930977,1.498639,-0.8293271,-0.31678087,0.080138914,1.6281108,0.84979224
0.74746054,0.4018348,0.17902806,1.0946048,0.04225468,0.410823,0.5919153,-0.2727938,0.962714,0.8519389,0.3945367,1.1446966,-1.05988,-1.0207707,-0.66636693,0.7111665
-0.79173815,-0.026622351,1.4461696,-0.32301602,-0.63445723,-0.048653327,0.2501004,0.7808198,-0.28733712,0.32796186,0.7568092,1.1747491,0.89717054,-0.18999793,1.8941643,-0.48799014
-1.6907774,0.9606128,-1.9472364,1.5160738,-0.7128765,-1.9824274,-1.1277996,-1.0428914,-1.4474493,-1.4123472,0.6085482,1.2099899,0.090144254,-0.24742876,0.75051934,-0.6039369
1.2571843,-0.4515439,-0.88529104,-0.96579653,-0.09891714,0.59239185,1.4672967,-0.81007487,-0.6366716,0.46877003,-1.342761,2.932907,-0.4699697,0.12085391,-0.022146951,0.84712446
-0.2312447,-0.1597665,-0.35434332,-0.95502806,-0.32129163,-0.6380193,0.2520284,-1.283109,0.64865655,1.0508295,-0.8154417,-0.770108,-0.36835173,-0.7182363,-0.13402867,-0.92156947
-0.6891305,1.1889546,-0.10090484,1.2698599,-0.43394935,-0.97713286,0.19933587,-0.65695125,0.07526271,-0.39730898,0.398014,-0.8877429,-0.59412974,-1.2478473,-0.27303717,0.20136203
-2.1677692,1.2784125,2.5295556,1.0845262,1.411602,0.782475,0.8639615,1.3934269,0.89704275,-0.48925462,0.74547946,0.38870233,-0.27377868,2.1837518,-0.39454564,1.55077
0.7723899,-0.91088784,-0.5707175,1.1154891,-0.60594803,1.756966,0.5752117,1.0616335,0.55591524,0.679285,-0.8431622,-0.12791303,0.933877,0.6983859,-0.17587367,0.80640256
0.60004616,0.39358816,-2.1596286,-1.625774,-0.70108014,1.7363677,-0.68350106,-0.19401363,-0.6362679,1.0143346,1.1263201,-0.14215112,-0.72964925,-1.1346927,0.8770497,1.0094494
0.02951518,0.577016,0.6698697,0.20155406,1.8937756,-0.6239188,-0.5880205,0.36114296,-1.5773945,0.9123189,-0.45716044,-0.7389638,2.3281133,1.4844729,0.5568532,0.3625341
1.8957102,0.5080552,0.58034545,-0.62173676,-0.47113454,0.23375367,0.14630921,0.12742785,0.6660697,-0.107150935,0.32470366,-1.4650983,-0.04512259,-0.5527649,1.1432937,0.13951616
-0.786561,0.5495019,-1.8703393,0.9754769,-1.3919469,-0.6144263,0.50325066,1.5900148,0.91868174,-1.6923745,0.13814838,-0.26880604,0.027550489,-0.2886482,1.5693154,-1.0294181
1.0368456,-1.3493316,-0.5663959,0.9668065,-2.306748,-0.012385663,0.82431984,1.6515931,-0.17258872,-0.8300223,-1.3648609,2.1687434,0.33370426,-0.43996444,-0.4517046,1.8898116
-0.7337724,0.7953842,-1.1024601,-0.051560257,0.2856375,0.90814286,0.6218182,1.7006961,-0.49495503,-0.062141076,0.7043849,0.56805843,-0.38962325,0.80717975,-0.54821736,-1.2506818
1.0274045,-1.1876905,0.87002903,-1.0233599,-1.0390084,-0.8966603,0.3013969,-0.40365326,-0.22314245,0.19523484,0.25397152,0.29434484,-0.1770269,0.98757964,-1.2828734,-0.761026
-0.8006134,-1.8024482,-0.07665187,2.1417327,0.80903786,-2.4061413,-0.7754884,0.653474,-1.4466788,0.6506217,1.6812763,-0.71893775,-0.62489164,0.21080683,1.6897286,-1.0222514
1.7685128,-0.42887962,0.4557454,-1.2938144,-0.68726224,-0.7914869,-1.42862,-0.5600214,0.6662812,-0.33250606,1.319197,-1.5748541,-1.0413076,0.7357508,-2.6160576,1.1011287
0.04968133,-0.56945354,-1.4492344,-1.8312339,0.44210368,0.9699673,1.1051937,-0.21815051,-0.39286247,0.036467634,-0.9961434,1.6006014,1.7333349,-0.5160234,1.5002694,0.4701929
0.7986431,0.3294026,0.690432,1.4762547,0.12094777,-0.44876143,0.034929562,1.6569475,0.46141034,-1.1927915,0.62656295,-0.041532815,0.8077937,0.92455506,2.163552,0.13316682
-0.9797809,-0.2807968,-1.4711419,-0.07280411,0.3280719,0.3132475,-1.0927039,-0.8959947,-0.7059078,-0.1408343,0.9669722,1.4199784,0.86113346,-0.25242934,-0.51268643,-0.8480959
-0.67409235,-0.41256943,0.501125,0.33362916,0.6617842,0.39071333,0.6225192,0.08031351,-0.19183446,0.70882076,0.067151286,-0.72841793,1.1385206,-0.1714759,-0.6887777,-1.0336174
1.8999349,0.09876578,0.3805,0.2904164,-0.20281154,-0.27570176,1.0966945,0.32680964,-1.0011641,-0.320453,0.9508005,-0.5587695,-1.7900693,-0.0919207,0.25426075,1.5666785
-1.6692015,1.8692805,0.29239643,-0.086938,0.6540822,1.1365353,1.0266604,-0.33559558,-1.9879777,0.6488689,-1.4285574,2.1016572,-0.10811758,-0.25096738,-0.23931995,0.029698294
-0.18735167,0.37414712,0.9487939,0.66440654,-1.5211595,0.61190337,0.9748139,-0.29079476,-0.6345069,-0.77089614,-1.6667498,1.1861596,-0.6107984,0.64294773,-0.152864,-0.576875
-0.53865,0.12092853,1.3824362,0.252899,-1.0490792,0.7449685,-1.184808,-0.9440954,-0.44640863,-0.10076819,-1.986112,0.6090558,1.2759458,-1.4303293,1.3536692,-0.95536506
0.124943376,0.6598831,-2.6110182,-0.6210873,-0.83329266,0.36544544,-0.62759304,0.5438794,2.2769177,0.40414986,0.29941875,-0.9662183,-0.66948515,-0.81663054,-0.78352016,-0.37273598
0.8927323,-0.414015,-1.651462,0.2689422,-2.22967,-0.11631936,1.3061702,-2.4252348,0.39261964,-1.4172848,0.5051431,0.63350767,-0.46193668,-0.21034393,0.016833954,-0.049780548
-2.5137937,-2.6084466,0.89330894,0.63147336,0.5508381,-0.7014001,0.84076136,0.12630421,-1.8340472,-0.09929188,-1.4426167,1.3208292,-1.5519052,0.040456172,0.13186803,0.73238295
0.8519622,0.5714001,0.028643154,1.8589388,0.05123159,0.14578336,-1.9975969,1.1026462,1.3035595,0.78378046,-1.1334828,1.2501242,1.2628617,-0.85850424,-1.0299646,0.27293366
1.5270966,-0.7966839,0.8747366,-1.6225615,1.3761183,-0.399339,0.5447886,-1.0718769,-0.42772785,-0.8994836,0.41517875,0.33502266,0.25040737,0.1713415,-0.7786217,1.0634389
1.851602,1.3555146,0.9502337,0.628246,-0.123476654,0.62466913,-0.05974996,1.1102662,-1.2861271,-1.0717351,-0.08976765,-0.12742285,-1.3615586,-1.9886236,-0.58924645,0.10897648
0.0049757995,0.022994295,1.4112513,-0.5496935,-1.3702089,0.24347244,-1.1240937,1.3504415,0.54039174,-0.12992078,-0.5443157,1.2477916,-1.4113228,1.4357058,-0.9327507,-0.47168243
0.6212007,-0.012107223,-0.21459636,0.37282673,-0.38590616,0.88667476,1.1406579,1.25402,-0.0032072403,-0.98844546,0.053238735,-2.0357473,0.20557386,0.96090364,0.9980521,0.99109685
-1.4574133,0.5732446,-0.5079188,0.65033257,-0.8740665,-0.45821568,-0.14645417,1.3655767,0.23446475,-0.43741047,-0.3585301,0.78366804,-0.40140405,0.013571962,0.9134098,-1.173301
-0.33044752,-1.9627978,-0.28885603,0.72643137,0.48466322,-0.06420434,0.9896087,-0.45266926,0.0023989659,-0.06599297,0.79445744,0.03816608,-1.0911735,-0.2808386,-0.2702272,0.63046837
-0.4415845,-0.22684345,-2.193404,0.2092826,1.5717349,-0.21270293,1.2192539,1.1840389,-0.14779644,0.73830926,-0.30740967,-0.03133046,0.33632493,1.6467217,-1.3590511,0.92030144
-1.1913376,0.5022458,-1.4577044,-0.9704082,-0.659216,-0.008917525,-1.5460192,0.25642318,-1.1389626,-0.061887965,0.7302855,1.0987287,0.2909398,1.3080167,-1.1883134,1.0055854
0.1973788,1.5061418,-0.27379048,0.2592818,-1.0485327,-0.9839021,1.871278,1.9896188,-1.1581899,-0.6055737,-1.0445056,1.273017,0.87707007,0.30591032,-1.9493482,-0.69235927
2.1999993,-0.36808652,-1.9438374,0.50496936,-0.7302648,-0.36879548,-0.02931605,0.27075097,0.11917564,-0.6050152,-0.5563701,-1.1517657,0.335573,0.31735668,-0.22553872,-0.96063083
0.1974237,-0.5930059,0.677825,0.82241577,-0.31816524,-0.73550886,-0.8443298,0.6661583,1.978388,-0.3969631,-0.11461515,-1.0073647,1.7569993,-2.8798323,2.0418196,1.1094595
0.5869061,-0.8542388,0.06009958,-0.7994002,-0.6836005,-0.85294664,-0.046335056,-0.3942771,-2.2234414,0.8727655,0.44265267,0.67032784,0.34927046,1.3070123,-1.0929338,1.3266926
-0.7851547,0.48785892,2.0958862,-1.7998446,0.03774947,2.1501935,0.98550737,-0.51733875,-1.1273994,0.6831681,-0.5126825,0.7162753,2.6006978,-0.010915613,1.3596663,-2.5071414
1.4506115,0.050102808,0.39362758,-0.110894635,2.301102,1.1555202,1.9148462,0.97729987,1.0687584,-0.08292443,0.69622326,0.1789115,-0.17931741,-1.1529874,0.9407607,0.57816076
1.7673541,0.40532026,0.61986184,0.34549564,0.8376958,-1.7092075,0.38920754,0.94131196,-2.3270018,1.1189184,0.20517108,0.838275,0.14810547,-0.24164225,0.29989085,1.3674965
1.4906145,0.1153716,0.65695107,0.53817904,-1.8918835,0.43102735,-1.4989083,-0.5169772,0.422945,0.5879103,0.14004742,0.74890405,-0.45811158,0.25821406,-0.2665942,1.2990642
0.9347544,-1.611171,-2.0312085,0.63702387,-1.7093447,-1.5070714,-1.454461,-0.000269169,-1.1371154,0.052670836,-1.2129312,-0.945022,-0.42714038,-0.59872717,0.104199916,-0.7777536
0.9899903,0.17175485,-1.4505329,-0.19859704,0.29748154,-0.37041473,1.6318868,0.18554308,-0.44120586,0.54615045,0.6450818,-1.189755,0.06633667,1.509592,-0.09096105,1.3206298
-0.5633128,0.31999516,-0.20045087,-1.7969959,-0.24207442,0.64781183,0.13081409,-0.6963242,-0.3364482,-1.2955639,-1.7035725,1.0767007,-1.8098732,1.3061323,0.25138307,-0.42111543
0.12795655,0.7348041,0.8510695,-0.32779306,0.11754322,-1.0929637,-1.0112363,0.21413863,1.4940369,-0.779527,-2.799656,-0.7378581,0.1330765,-0.0647002,-0.76992786,0.25337014
0.14930256,1.3201356,0.8789319,-0.057406764,1.5862384,1.2283585,-0.5508648,-0.3615096,0.6300592,-0.07017939,-0.16968654,0.6472802,0.78549993,-0.38653916,0.15848169,-1.7604411
0.13609725,-2.6512842,0.55139303,2.2779748,-2.1133766,0.31666854,0.25874978,1.0865847,-0.9546794,0.419631,0.64502674,-0.6353285,0.6426185,0.539715,0.056095086,-0.74179727
-0.63105375,1.7719631,-0.9713787,0.4742663,1.1384212,-1.0846035,0.061802298,2.2848804,-1.2788594,1.2099922,0.33023942,0.873901,-0.16550545,-0.24760082,0.02042541,0.57044274
-1.1772002,1.2602453,0.44520634,0.12635373,-0.46455422,-0.6995966,-1.7947152,0.21924816,-2.2274017,1.6538541,-0.7325784,0.24558592,0.0213082,-0.24238008,0.56136143,-1.1242316
-0.1161565,1.3479811,1.9276426,0.09391623,1.1425041,-0.82668275,-1.2290554,-2.2359846,-0.3091122,-1.0872788,0.26081452,-0.43721765,-1.5967687,0.23250526,1.7461762,-0.95566815
0.46777046,-0.50490445,-0.3944407,-0.681706,0.3573871,-0.42278534,1.9287503,1.6288491,0.013977142,0.14367859,-1.3351018,0.95270646,1.7772137,-1.0672402,-0.3796614,-1.2696632
-0.90624464,0.4385572,0.9006449,0.48084438,-0.20457709,-0.1530553,-0.61672175,-0.22827448,-1.1019243,-1.2852787,-0.5851592,0.21635452,-0.39223373,-0.35125706,-0.043527614,0.07037017
0.115066335,1.2005227,-0.93168795,0.89118236,0.8322369,0.10150265,0.45961538,1.0249221,1.9207864,1.6276528,0.6656527,-1.415677,0.13125525,-0.311936,0.25233355,-1.1611007
-1.4388766,-0.21979314,-0.6846941,2.0671055,-0.20331334,-0.6673134,0.14503479,0.6616549,-0.5845253,-0.23844291,-0.37451476,-1.3142589,0.11276695,-0.39483413,-1.0578767,-1.4880893
1.2236035,-0.12824343,-0.34797254,0.051705733,-0.06390893,0.022889566,0.8984143,-2.372733,0.8004194,1.0619726,-1.1552522,1.3722571,0.42176855,-0.67777866,-0.4149305,0.13113056
1.2512074,-1.329079,-1.4008502,1.1896505,-0.48601237,-0.301408,-0.6359602,0.014551748,0.45534497,0.7556513,0.64788896,0.7901608,-0.16926563,0.7168452,-0.72278166,9.266543e-06
0.7630813,-0.013275862,0.5778781,1.3680034,0.7212244,-0.43931428,0.34411892,0.44756496,-0.96351445,-1.6718402,-1.8296018,2.4846628,-0.11625066,-0.543655,0.011151752,0.30319053
1.0114039,-0.3488267,-0.66179246,0.38586923,-0.58998644,-0.7381194,-0.17098059,1.4874238,1.361333,-1.2537353,0.27481923,-0.055737555,-1.2913246,-0.43548948,0.035580397,-1.4413407
-0.16549766,-0.7792798,1.5518873,-0.5519871,-0.29701376,-0.6333642,-0.54489017,-0.7895022,-0.4024136,0.13352008,-1.9118651,0.68545127,0.3499297,-0.6715458,0.063244365,0.7707434
0.3738088,-1.0996257,-0.11092436,-0.64112717,-1.0478646,0.5345625,1.1224598,-0.64346343,-1.0185899,1.274615,-0.6154645,0.3801106,-0.25907987,0.82574195,-0.54080164,0.63053447
0.076737925,0.5678653,0.22096051,0.46961758,1.115076,0.11981788,-0.50697845,0.1928147,-0.9699105,-0.5339598,1.372389,0.46811324,1.0706391,0.68961465,1.2506986,0.14596495
0.35939914,-0.4923531,0.65710664,0.12712827,1.312644,-0.76373696,0.63015354,0.5307526,0.14610623,-1.0760106,-0.60288787,-1.0217342,0.16483837,-0.7742982,0.19757499,-0.6818341
-1.9649833,-0.022065759,-1.9097692,-0.0018756092,-1.3217142,0.9825856,0.57980067,0.55428475,-0.055590667,-1.0233806,0.35367614,0.33439568,-0.34521988,-0.71279025,0.14630999,0.1459944
-0.52895534,0.17838919,-0.7285401,1.2272034,0.00065977126,-0.55653834,0.7099389,-0.640816,1.6990473,-1.8379263,-2.5349908,0.61758626,-0.6415303,1.7341665,0.80976844,1.8206493
0.8394959,0.3455216,-0.21092632,0.36179143,0.10507418,-0.89448375,-0.93324035,1.0267575,0.4425331,0.29634652,-1.0225878,0.72563404,-1.2736025,-0.43699998,2.2307775,1.6602018
-1.1806006,-1.1664166,-0.14291745,1.92715,-1.0712961,-0.15129653,0.509481,-0.53258294,0.015122853,2.1100311,-0.55089855,0.3109766,0.046034925,0.050779104,1.4297365,-1.6842349
-1.3859705,-0.92736906,-1.6368407,0.5499889,1.4619514,-0.19066095,-1.6439601,-0.5322826,-0.003208559,1.0783744,2.196664,-1.0409652,-1.4926717,0.33374023,-0.012442595,0.3490807
-1.5944232,0.94619286,-0.48050636,1.3094454,0.19876787,1.0137906,0.22225672,1.6359181,1.5535938,-0.70097274,1.5393995,-2.0967026,-0.34132445,1.5413837,-0.14593066,0.4918107
0.26659098,0.5310661,-0.988042,-0.9444668,0.7023271,0.71982354,0.6982135,1.2485645,-0.17402776,-1.8292867,-1.0826167,-1.3573208,1.1353546,-0.022127828,0.6019571,-0.19098708
0.15741703,0.6082099,0.80225146,-0.024667397,-1.0145526,2.024209,-1.5274312,0.34351644,0.8176732,-0.4872069,-0.0014911892,-0.8809421,-1.0173012,0.064791635,0.11690926,-1.7235318
-1.2316759,2.1955955,-1.3804343,-0.23400545,-0.009409331,0.4732747,-0.063154966,1.5072334,-0.99218774,-0.24295104,-0.8261272,0.19411495,1.229956,-1.3484491,-0.28313497,-1.3745551
2.1252613,0.33277938,-1.1116264,0.6999725,-0.46107933,0.044783615,-1.709118,-0.24872632,-0.33230028,2.236502,-0.8892093,0.36786526,0.9280718,-0.18722995,-0.22344702,-0.09223141
1.3226289,-0.6835501,-0.6216777,-1.0495013,-0.7330582,1.7027316,1.4516894,1.1354598,-0.9449171,0.60106605,-2.3994694,0.7649349,0.35091516,0.46386433,-0.26622334,0.5071306
0.53137165,0.92802733,0.021691594,-0.5886261,0.44869143,1.0998081,0.4223662,-2.622525,-0.4451244,-0.31732458,-0.57458943,1.090479,0.027746301,0.011161145,2.5912707,-0.13912532
-0.2529027,-0.717407,0.88677126,-0.46671298,2.17241,0.5700986,0.19268176,-0.08143784,0.70418835,0.3488607,-1.1939337,-0.2139833,-0.46091047,-0.8292809,-1.6688426,0.7840826
-0.9296077,-0.31566888,-1.65607,0.214441,0.9140169,-0.98776245,-0.55112076,1.1105858,-0.42387006,1.2075804,-2.139683,-0.05281934,-0.28314254,-0.79171264,1.1500746,1.2447325
1.6970047,0.023547137,-1.1551509,-0.869333,0.55209816,0.056583565,1.1559218,-1.516939,1.0025524,0.6210436,0.5299712,1.1738664,0.9850695,-0.33771417,-0.5234182,0.16005056
1.3677722,0.9302192,1.5722473,0.047425084,0.13110316,-0.884355,-0.70580006,-1.0281876,0.14717583,0.43551314,0.7196973,-0.82810515,-0.28857985,-0.03449757,1.6402382,-0.035747923
-1.3936507,-1.5168151,-0.50013757,-0.08074421,1.4412771,0.5412082,-0.976535,-0.009106857,-0.44120872,0.14491944,0.37628198,-1.7311636,0.91460174,0.44028887,0.20592983,1.600554
-0.28821644,0.026414447,-0.9802986,0.92554957,1.0859675,0.8517182,0.29603997,0.8767655,-0.14707424,0.11103259,1.3525572,0.93711233,0.2243172,0.99281204,0.057318848,-0.5598107
0.5872803,-0.12547079,1.0704561,-1.5078019,0.7626377,0.03246888,-2.0073295,0.33903188,-0.8092096,-0.21845855,-0.61581725,1.8975129,0.9540451,1.5229456,-0.041843027,0.32694006
1.405978,0.84633774,-1.0365758,-0.94190013,-0.22155981,-1.0054092,0.83205366,1.2458034,-0.8084309,-0.7563656,1.0903661,0.14991258,-1.1480907,0.030505486,-0.003882477,-1.942581
0.9904836,-1.0181848,0.5462265,-1.0376374,0.09828131,-0.51960266,0.21968162,-0.5758497,-0.063449785,-1.4862692,0.719549,-0.9461467,0.029517207,-0.687754,0.35004672,-0.3142614
-0.6232238,1.2473081,1.4578139,2.4789639,1.1475794,0.67067134,-0.59786457,0.8391668,-0.32873905,-0.72052586,1.0889201,-0.8024312,-0.04037198,-0.20586064,-1.8115742,-0.13144138
-0.21197611,-0.35968146,0.1548004,-0.6640742,0.8004694,-0.12663247,-1.14702,-0.13837677,-0.95691556,-0.45299926,-0.23491234,0.8529436,-1.296422,-0.16308999,0.17051421,-1.1487054
0.30066824,-0.045334198,-0.21298453,-0.977524,1.3135383,0.38130382,2.285537,-0.49030685,-1.2001191,-1.6551162,-0.06913094,0.20136513,0.8018526,0.030439816,-1.3056167,0.5169246
-0.11096605,1.5058097,0.75061905,-0.6550929,-0.53245044,-0.9921499,-0.924157,-1.8191612,-0.21042728,-1.0189282,-0.5183662,1.3356278,0.4876043,0.47666842,-0.6538751,0.9928216
-1.4020063,-0.19357367,0.44507495,-0.16397075,0.103411615,0.534995,1.6147326,0.33236542,0.4566711,-0.67133695,0.4480555,0.027496338,-0.30507323,-0.80884475,-0.7718069,-0.02168512
1.1420012,0.6340129,-1.9269886,-0.47240776,-1.1354331,0.57817936,0.6008237,-1.3401073,1.4971943,-0.14010872,-1.1129729,0.62003905,1.7216297,0.1262387,-2.3625042,-0.22648609
-2.0919893,-1.3857764,-0.79985154,-0.23808163,0.7437447,2.5432413,-2.1826055,0.17069204,0.52536124,-1.2053729,2.252968,1.0293148,0.043389603,0.9207487,-1.3406552,-0.923305
-2.8098822,-0.14997411,-0.10454644,-0.392796,0.020574149,-1.4522662,0.10554398,-1.0972776,-1.1710368,1.5024322,2.1551716,0.27731198,0.043892585,1.224978,0.25217572,0.72278017
0.7474743,0.24910495,1.0328184,-1.3059837,0.70346034,1.5792207,0.70068914,-0.28830406,0.4287514,-1.6494471,-1.1820325,1.1640013,-2.1595917,1.5616654,-0.47773448,-0.43577737
1.0357896,-0.7590436,-1.4439981,1.1440024,-0.7632895,0.7658883,0.84225667,-0.76523036,0.6751373,0.20712769,0.61373675,0.47134578,-0.47128183,1.2690516,-0.8746564,-0.14253788
0.26253146,-0.8586221,-0.32462627,3.0292964,-1.7235771,-0.43155187,-0.5720586,0.5099835,0.44919574,-1.6761985,-0.7277211,-0.26303592,0.7620169,-0.5999434,0.1633702,0.22747144
1.5704545,1.1827608,-1.1540979,-0.07367893,1.3037558,0.69063485,0.3957349,0.76126176,-0.8067704,-0.17054082,-0.63281375,1.0549779,-0.38242605,-1.9891524,0.13297635,0.1995732
0.003963694,-0.06415403,-0.41972256,-0.39207345,-0.76449186,-0.44351766,0.98544246,-1.7220064,-0.46657702,-0.17272028,-0.04187736,-0.2292529,0.8252709,-1.628106,-0.81813645,-1.1189575
0.94896096,-1.2793801,0.04571218,1.4200068,1.3674538,-1.0766168,0.6466622,-0.19630483,0.035244036,-1.0742884,0.04778641,-0.29246235,-0.47248015,1.0505592,-0.37594202,-1.0048512
1.8000884,0.117139325,-0.06643421,0.9000695,-0.59371257,0.31454158,-0.97075915,-1.5368685,-0.20046453,-0.93742496,-0.13816765,-1.0640383,-1.4171731,-1.3709946,1.3902208,0.60044515
0.8021198,0.08882432,-0.54476756,0.46482268,-0.531648,-2.1513472,-2.1702456,0.76832217,-1.7026688,0.35769185,0.21392141,-0.5328421,0.22173207,-0.9435622,0.56271124,0.21616857
0.5057361,-0.5599865,-0.99708,-0.7888207,-0.7320857,-0.29615733,-0.65001357,0.45923966,-1.918421,0.8960801,2.484437,0.58782095,-0.6822729,0.51957935,-1.0872653,-0.12001631
0.9907575,0.5640129,0.486269,-0.24343556,-0.5329589,-1.1543652,-0.43561116,-0.012542345,1.7926913,0.06429973,-1.0316575,0.090786286,-0.21777019,-1.7406528,-1.5347627,-0.20483308
-0.02806337,0.104154825,-0.5272072,-0.35212147,-1.1021955,0.088507,0.9328401,-0.2026578,0.80171967,0.5490654,0.2945388,1.4967061,0.8297523,0.3794868,-0.40138668,-0.107242316
0.32019234,1.8292816,0.30735964,0.67477125,-0.15282108,0.2465814,1.51827,-0.6444369,-0.40396562,-0.19630131,-0.69605714,0.5461862,-1.5414692,0.61664516,0.5430043,0.26607648
1.3102903,0.8975851,-0.056415506,-1.4311609,0.8148331,0.32068148,1.5487036,-0.7756866,0.5758695,-2.4503767,-2.6975384,0.30739775,1.6724273,0.8440877,-0.9275114,-0.3077355
1.2130997,0.4530502,-1.9253225,-0.60546756,-1.2367554,-0.27084473,-0.9107691,-0.15155303,0.14922905,-1.327656,0.9553496,1.1442474,0.50438684,0.49539247,-1.30056,0.30720142
-1.2590047,-1.8464332,0.80880535,-0.55494547,-2.3508072,-1.8104357,0.72921425,0.0116024455,-0.68794537,-1.5900139,-0.51942384,0.29993814,-0.09304045,0.84553564,1.0167626,1.2134726
0.67233366,0.31870383,0.68346995,1.1620158,1.1065265,0.63269526,0.42642325,0.88482535,-0.9248994,-0.7285861,-2.1188784,-1.3498421,-0.64335257,0.605787,1.1210574,-1.2006154
-1.7567587,0.8168166,0.4176339,-0.24740855,0.31923598,2.1908169,-0.5607288,0.4609064,0.8791688,-1.4973893,-1.5681145,-2.003955,0.03874124,-0.99063337,0.021577116,-0.2022478
1.5948734,-0.92322904,1.8067204,-1.7635217,0.20537785,0.34550184,-0.64063144,-1.0605376,-0.41546035,0.8902413,0.8483919,0.12246131,0.0232607,-0.9951248,2.299438,-0.57999194
-0.73477125,-0.20182335,-0.77375513,-0.1298437,-0.40396678,-1.041236,-0.9757971,-0.5737993,-0.81989914,-0.38970748,-0.29413575,-0.20848866,-0.10205909,-2.3270998,-0.8874234,-0.13425764
-0.054160997,-0.17945218,1.3590862,0.024993183,0.5960154,0.9034599,-0.3153251,-0.7125388,-1.0486578,1.5857022,-1.1708685,0.7231269,-0.24106452,0.41623193,-1.0007873,0.2505826
1.4339789,-0.55484205,-0.411057,-1.6608335,1.4304624,-1.3438693,1.5931756,0.37160504,-1.4489254,-0.4174007,-0.36094752,0.7237409,-0.45745686,0.57670975,-1.4337512,0.031073693
-1.1962469,-0.7237404,-0.664641,0.8370198,-1.4997685,-0.2904796,1.0702531,-2.17907,-0.54033536,0.17138584,-0.032573458,1.5352156,0.5732597,-0.75174475,-1.0628277,0.45097506
-0.24001515,0.27831116,-0.4746514,0.033717185,0.27520105,1.1693335,0.40697384,-1.8689772,-0.31125066,-0.24342115,0.7627176,-0.6194731,0.28553334,2.6050155,-0.7156074,1.1946232
-2.4238312,1.1516762,-1.0224104,-1.061279,0.8606436,0.10758467,-1.5278385,0.2111466,0.2511377,-1.2127023,-0.0826135,-0.69610643,1.7008762,0.40496933,-0.060558926,-0.73322195
1.4728642,0.674611,-0.48942834,0.65028757,0.030876614,0.57579815,0.2732511,0.44565356,1.9865723,0.11032517,1.6228762,-1.0420232,-0.81319565,2.0554438,-0.31740606,-0.09324821
1.923071,0.6755802,0.24366717,-0.6804937,0.07998669,0.17286158,-2.127954,-0.67202926,0.6915029,-0.9714569,0.5601651,-0.5110674,-0.61278385,0.06300504,-0.7653015,-1.1140561
-0.5809817,0.5371598,-0.8174047,-0.6463681,0.48125443,-1.3479147,-1.1213742,0.17067048,0.41646257,-0.11272676,-1.9346062,-0.25912672,0.19224633,-0.54595476,1.4286257,-1.4276134
0.17285196,0.33062878,1.202101,-0.08749758,-0.5810325,2.7820241,-1.8399404,-1.2632868,-0.06138529,-0.076745495,-0.14305958,2.3713884,-0.097272046,0.62536776,0.53072697,-0.4109624
-0.29978114,-1.1973661,-0.31983688,0.44385597,-0.21679091,-0.3985632,-0.05740391,0.8911721,-0.6802978,-2.2461905,-0.93376476,-0.24486782,1.2637348,0.95130503,0.657572,0.23768313
-0.677805,-0.703664,0.008045524,2.4110746,0.94582134,-0.4793526,-0.47954807,1.0362266,-0.28119382,0.25277242,1.5776924,1.1046219,-0.3168822,0.5531386,1.8539034,-0.6206371
0.5043937,0.82445645,-0.32542115,0.3542422,-0.29059216,-1.5582606,0.2900495,0.74621975,-0.7412316,-0.4573698,0.71866065,0.3379668,-0.9418392,2.3706627,0.42908707,-2.2099411
-1.3281049,0.5185994,0.14610314,0.37343088,0.3014901,0.9214908,1.5202366,0.35432386,1.1592731,0.14966321,-0.45063475,1.0577505,-0.37981865,-0.86356306,-0.95105857,0.99959975
-0.39422706,-0.08766256,1.3454262,-0.79058677,-1.077597,-0.23193331,0.91698396,0.08296381,0.33787093,-0.07760982,1.6897962,-0.39473212,0.6109068,-1.2698364,-0.9847626,-0.039790433
-1.2506725,2.2111635,0.77521086,0.24278477,-0.6921641,0.79412395,-0.7633268,0.61846155,-0.03433319,-0.1219185,1.1981723,0.5276114,0.49050134,0.2942039,-0.69517994,-2.302252
0.35375333,-1.1033105,0.027811408,1.0590594,0.5713988,-2.2641244,0.5897643,0.31236255,-0.19895273,-1.5712963,-0.69298244,0.29387113,-0.11955234,1.5636004,-0.6768535,-0.68808645
1.1184282,-0.34993964,0.60773057,0.66963935,0.85639244,0.41024485,1.1560742,0.12987626,0.26129958,0.4339653,0.62343127,-0.009430185,0.08063513,-1.0366355,0.032366693,0.16398722
0.3411948,1.3786592,-1.8195941,0.56232816,1.3323685,-1.4697909,-0.28788555,0.7366024,0.019807193,-0.47625092,1.3562258,1.5957052,0.5902284,2.5631268,1.7769853,-0.61521
-0.76124907,-0.9348701,0.2185069,-1.4504238,-0.7531578,-0.046939332,-0.91682005,-0.93749905,-0.9733455,0.28534445,1.5917537,-0.77618515,0.53626895,1.0238893,1.8760815,-1.5964074
0.4691513,0.25341016,-2.8857017,-0.7106781,0.3861987,-0.6470175,-0.1181356,-0.91470784,-0.7563243,-0.47551042,1.4244363,-0.81826764,1.8846085,-1.0657002,-0.37409627,-0.39282313
-1.0767789,0.71863693,-0.21045864,-1.9648714,-1.5585209,-0.06413878,0.013736229,-0.64264804,1.405589,2.0497186,0.47639325,-0.2666765,0.7327459,-0.22062853,-0.27024192,-0.5238352
0.51474386,1.4138306,1.7097543,-0.4577752,1.4634455,-1.0023336,1.6445303,-2.512542,-0.040865563,0.42431843,0.424985,0.12616839,-0.7214824,0.16081849,0.87591934,-0.9206175
0.72300977,0.78860545,-1.0285907,0.758128,-0.8790285,0.27884683,-0.06997114,-0.4191721,-0.66458076,0.41421247,0.3117309,-0.66883796,-1.4449687,1.2620041,-1.2465364,0.34452608
-1.0373033,-1.691072,-1.914222,0.69387347,-0.6682419,-1.1768445,0.99961823,-1.0991379,-0.6295794,-0.91558087,-1.351693,-0.021858037,-1.3543723,-0.77197534,0.62542206,-0.3766769
-1.4799482,0.68621343,-0.98677313,0.9565041,0.65063006,-0.31908265,-0.35155368,-0.7696392,-0.36370075,0.99225974,-0.0350469,-1.4125994,1.9185127,-0.30954182,-1.2231504,-1.4057523
0.21914165,0.9240056,1.0854992,-0.09634875,1.9896795,-0.3059281,0.66987985,0.09145376,-0.6558342,0.529443,0.14404513,0.17746456,2.51381,-0.09794969,-0.046426557,-0.3510958
-1.3599857,0.09979664,0.8241022,1.3783892,-1.0372136,-1.8048494,-0.2247731,-0.54000837,-0.6433439,0.6101291,0.26323327,-0.47498673,0.28088623,0.3198374,0.22566408,0.58026886
-0.14686565,0.6971615,-0.63250226,0.619557,0.91874945,0.36867517,0.96505284,0.27158853,0.30270144,-0.8671403,0.608655,-0.70429814,0.11045908,0.581682,-1.0999312,0.9846872
-0.70555145,-1.603522,-0.67441684,-0.52773917,0.28438163,1.0069983,0.78933847,-0.98003465,-0.3267879,-0.20815146,0.49975258,-0.06602862,0.2910256,0.054710418,-0.0234742,0.9933355
-1.3647122,0.30009708,-0.28230003,-0.25632793,0.37378442,0.8273688,-0.50612754,0.2527116,0.07089676,-0.6640335,-0.42064336,-1.4642054,0.848766,0.73827136,0.08657563,-0.7721623
-1.4364702,0.66740227,-0.47819766,1.1420292,-0.7330311,-0.47430784,-0.66873264,0.27796155,-1.1810846,0.11573822,-0.6277493,-0.14051615,-0.5040602,1.6387523,-0.6411201,0.18784282
-1.4484633,-0.32210976,0.03997929,-1.5076333,-0.14715692,-0.3221308,0.7114333,0.74984396,-1.040043,0.79484093,1.0134623,0.5157989,1.4684161,0.73376215,2.1104946,0.2583959
-0.9571029,0.26026946,1.6332389,1.1669517,1.3140242,1.070349,0.013990691,-0.80787873,-1.4648945,0.35446846,-1.1551162,0.20225418,0.92838967,-1.1538484,0.5592601,0.9575846
0.38772875,-0.057704467,1.0596004,-0.10153435,0.04991782,0.059994146,1.8802365,-0.052187562,-0.014500169,-0.5221762,1.3105772,-0.50368804,0.2484909,-0.18923506,-1.5119717,-0.022976749
1.7978156,2.2320144,-1.0951892,0.37948337,-0.50151634,-0.0030243509,-1.2946721,-0.18024042,0.32634094,-0.5886896,2.0753329,-0.6102709,-0.383041,-1.7310067,-1.2203367,0.048365064
0.30380005,1.9060822,-1.2887075,0.07343502,-1.0203824,-1.3131318,-1.8810624,1.1121076,0.40109533,-0.0024054758,-0.58858466,1.5216618,0.5697578,-0.7584018,-0.1015838,-1.7288865
-2.9109733,0.6383618,-0.31649345,-0.02776983,0.7169343,0.14305432,-0.62723595,1.2619119,-1.0164015,-0.0052145533,0.47653288,0.64764756,0.87791425,-0.9691465,-1.1389935,0.36346924
0.7503038,-0.26116443,2.0689888,-2.2624586,0.3451749,0.8161482,0.27204168,0.17768374,-0.3470321,0.55273885,0.9573939,0.15553454,-2.3622224,-0.42022592,1.0763355,-0.5392523
-0.74166805,0.43101427,1.8907138,0.040424455,-0.5192944,0.6063372,-0.35168016,-0.57320553,1.2200696,0.2606395,-1.7809776,-1.9569613,-0.92882335,1.4263552,-0.58665854,-0.85586536
0.8855844,0.8333368,-2.0821574,0.9469994,0.2976531,0.030314894,0.33327538,0.67549306,0.29315025,-1.1268654,0.6991684,0.88101095,0.15732037,-1.0317466,1.9929194,-0.6083435
0.26383245,-1.3747252,0.8864936,0.29375258,0.7060389,1.1093638,-0.57359356,0.52150667,1.122914,0.5101427,-0.052453283,0.11773014,-0.888234,0.07964424,0.76595694,0.42715946
-0.7065668,0.069000944,-1.541537,0.22046052,0.17658147,-0.9842751,1.6214199,0.42030787,-0.022098549,-1.7454627,-1.3659035,0.7355286,0.1932103,0.68970495,1.3328047,0.106457785
-1.7686532,0.015475905,-0.73493415,-2.1900542,0.19281879,0.5074527,-1.5674018,1.0391946,0.35847244,1.1081376,-0.10173156,0.18302625,0.55430204,1.5392663,-2.589858,-0.15416606
0.9958843,0.9157628,0.5544338,0.67263025,1.2887752,0.512931,-0.24716529,-0.052154295,-0.5455374,-0.15649372,-0.20059422,-0.9004385,0.18107286,-0.6503084,0.6737798,1.6591265
1.4401301,1.5039942,0.3244872,0.41580585,0.77581525,-1.3465301,-0.46704262,0.6884225,-0.17152475,0.6089064,0.41416904,0.50423175,-0.021713637,-0.8895259,-0.51137346,-1.6409669
1.3835187,0.51995516,-0.23112437,0.90294564,-0.68025446,-1.2708926,-1.0627286,-1.3904682,2.0319786,0.41224074,-1.7869215,-0.9478342,-0.22252288,-0.23379456,-0.69482565,1.0776402
-0.4493658,-0.8600514,0.65995777,1.0244236,1.6449984,0.18182944,0.950476,0.1235082,0.8991537,-2.298524,-0.6244193,-0.4700602,1.98233,-0.6208165,0.025278823,-1.1582379
-0.892121,-1.000483,0.9294607,0.33735707,1.0375712,-1.9635092,-0.98322,0.36166257,1.1850997,-0.83485925,-0.015349301,0.94880515,-0.8018232,-1.4032423,-0.97316253,-1.0143088
1.0712813,0.43687457,-0.37942854,0.075102285,-1.1911471,0.9012475,-1.3077122,-0.31610763,-0.29267505,-1.1671572,-0.68832886,1.3615565,-0.22717212,-1.2537609,-2.3377366,1.6356697
-0.026317837,1.5854467,-0.5863072,0.0853754,-1.2821956,1.5070574,-0.80826473,0.041004613,-0.96427983,2.179015,-0.29151532,0.39834502,0.76129264,-0.28292176,0.8123589,0.07706463
-2.5299428,0.8729759,-0.864592,0.989595,-1.3931292,-0.48087436,-0.529333,1.0563921,0.78427863,0.18751168,0.83459,0.79517174,1.0008954,-1.1260855,-0.16476488,0.54706746
-1.477972,-1.410062,0.6553011,1.3834993,-0.13543311,1.6805223,-0.41652483,0.93142474,-0.8800922,-0.53353584,0.19406398,-0.581342,-0.68046933,-1.4059442,1.255476,0.18798873
0.18269327,1.6528018,0.51270574,-1.6133078,-0.04025803,-1.9096816,-0.91504395,-1.8682319,0.33947617,-0.3025132,0.5560025,0.0106170215,0.50718665,-0.7370409,-0.66918737,-0.1344589
0.18305185,0.8153176,0.9062618,-0.10347223,0.9141643,-0.1380166,-0.6151936,-0.671126,0.029077772,1.9565487,0.85786957,0.64521354,1.2322565,1.2566053,0.20861292,1.3313819
0.7683361,-1.3383437,-0.30287316,-0.47884908,-0.0975218,2.604792,1.151011,2.1991792,-0.49809155,-0.12853682,0.8053058,-1.573016,0.26488766,-0.4874317,-0.3936184,-0.0022784518
-0.7085806,-0.6890524,-1.4857929,0.70557946,0.35085303,0.37057948,0.2653578,2.6403294,1.1659496,0.8051731,-0.51395965,0.54370165,-0.2857622,-1.329318,-0.06835935,0.15716587
-0.71861863,0.9475169,0.3134756,0.27538404,-0.10565983,1.4289218,0.4625432,-0.94943315,-1.014998,0.048965037,0.19297054,0.58831114,0.9286289,-0.18413657,-0.21884222,-0.34293032
-0.16689976,-0.3557989,1.1699526,1.92301,1.1265218,-1.534099,0.37878934,-0.15692501,-2.8901503,1.8397949,-1.0524652,-0.19358322,-0.88328695,0.7926632,1.032933,-0.73891467
-1.128883,0.37708238,-2.1263077,-0.41983226,-0.956386,0.37482476,-0.28654262,1.3414108,0.59184206,-0.63547033,1.1675473,0.12166574,1.119503,1.0774099,0.47317097,0.25330496
2.7294645,0.15387237,1.4424702,1.1887047,-0.20731902,1.7252486,-1.3275222,0.15132539,0.19309813,-0.7672304,0.55154455,-0.119031355,-1.0420274,2.6149921,-0.09220578,-1.3388401
0.8599302,-0.8004527,-1.339123,0.76678056,-0.7530667,-0.65901977,0.1310832,-0.0719081,0.083891906,-0.03303821,-0.020188821,0.34413657,-0.10126738,-0.7644086,0.7576691,-0.14772667
0.04347633,0.5530055,0.76399297,-0.743477,-0.51783735,-2.196852,0.701425,2.0981615,-0.41003865,-0.032593697,-2.6379018,-0.27807355,0.40455544,0.48345357,1.0790496,0.004553251
1.386881,0.12507623,-1.1315595,-0.2994976,0.740583,0.57421213,0.9060856,0.8957746,0.15562885,-0.34967354,0.76965725,0.9289379,0.2992746,-0.46800697,-1.3795794,1.8437136
1.4898112,0.13856664,0.29482746,0.51401037,-0.63402385,1.1081015,-1.4648628,0.27191854,-1.0585122,0.5933779,0.044859387,0.505714,0.89492065,0.1349405,-0.21709211,-1.0186886
-0.3574707,0.32055467,-0.83349735,0.32351428,0.22116943,1.3450952,-0.65520185,-0.6169679,0.16798721,1.1775811,0.35418317,-0.1016431,-0.7569131,-0.17077082,-1.3951606,1.3336537
-0.6467216,-0.5170884,0.18520534,-0.21285471,-0.8400537,0.7583834,-0.32752225,0.9131429,-1.4544561,-0.108797595,0.69499975,0.8780044,0.9663501,0.011840253,-0.93481123,0.81591386
0.55564076,-0.85122764,0.9301395,-0.11856038,0.11363538,-0.20791623,-0.9562101,1.0274343,-0.6604143,-2.9977992,1.4905089,0.8177981,-0.5209199,1.0043551,1.3191221,-0.18607175
0.21058956,0.25269863,0.41228676,-0.7190859,0.3955109,0.29698235,-1.0282698,1.8911648,0.08379009,0.27836895,1.2092422,2.2032359,0.9275466,-0.6444484,1.2928176,1.4529767
0.629193,-0.7224042,-0.5583395,-0.023557438,-1.8508927,-0.65370536,-1.8293393,1.5485642,0.16988054,1.0204899,0.0073486664,1.5637367,-0.03093493,-0.11628693,-1.5465373,0.6251472
-0.38192248,0.93019325,-0.42560613,-1.2224777,0.25113022,1.0146507,0.66066134,-0.5891717,0.9549799,-0.6986316,-0.07064747,-1.2235693,-0.8371342,0.14138898,1.3167107,-1.2664206
0.51227045,0.46394688,1.1828785,0.69470716,-0.3133188,0.7890189,-1.0768787,-1.8367364,-2.1097798,0.28782496,0.56334245,-1.0677061,0.48554367,-0.51843417,-2.036008,0.44518873
-1.7429887,1.3196143,0.44339517,0.36673564,-0.572729,-0.4567181,-0.005178787,-0.7346916,-0.90837216,1.3020838,-0.68086755,-1.8372802,-0.26030713,1.7910669,-0.020958384,0.86296207
-1.2082868,-1.9079227,0.35387498,0.013679855,-0.23737024,-1.0039327,0.43378282,0.8818839,-0.35040426,1.6751981,0.53648424,1.0917541,0.19520986,1.1853842,-0.6463029,0.2234522
-0.46512613,1.3521098,0.6865416,-1.2278767,-0.78397787,-0.0267482,0.5947601,-2.5529811,0.07432483,0.67030257,-0.5318407,1.4980619,-1.6253437,0.9814032,-1.2743406,-0.03402842
0.65441155,0.28962255,0.4337672,-0.26868367,0.64219916,1.7545162,-0.8378498,-0.60106325,0.80857503,0.35148567,1.0107182,-0.014003612,-0.33844763,0.16861369,1.224122,-1.5738329
-0.92604166,1.2615774,2.9623203,3.0130873,-1.9635944,0.58303183,0.13038917,1.2628531,0.47577336,-0.29861724,1.645458,0.06896468,0.7517726,-0.4188218,-0.45101458,1.8307799
-0.0763955,-0.73271275,-0.061071143,-0.41881654,0.4207238,0.40168357,-0.48602116,-1.2114416,-1.3170695,-1.1777995,-1.8486022,0.9746393,-0.81880844,-0.513313,-0.50253826,0.39612794
0.5214259,-2.376447,-0.44514066,0.055418063,-0.5703664,1.3928441,-0.90950775,0.24233207,0.8810507,-2.069288,1.2748766,-0.6009603,0.51245713,-0.569994,-1.53431,0.2232077
-0.54771274,0.42956075,0.58412695,0.3512807,-1.3490272,-0.6103603,-1.7986126,-0.3404955,-0.084795624,0.8382452,-0.3802532,-2.1647456,-0.54185677,-0.2283388,1.3426061,-0.8642518
1.6862748,0.6476504,-0.5381074,-0.075881824,1.2535322,1.4080695,-0.57186764,-0.75471663,0.98482877,-1.4227884,0.33643615,0.28667015,-0.7875446,-0.41235957,1.8800589,-0.006195916
